{
  "fetchedAt": "2026-03-25T07:03:52.882Z",
  "results": {
    "BRA": 0.5919735999999999,
    "GRC": 0.66891,
    "ISR": 0.7927696,
    "ESP": 0.5927336,
    "SDN": 0.5493833333333333,
    "SYR": 0.8633556000000001,
    "TUR": 0.792862
  }
}
