iso3,name,region,v9_score,v91_score,delta,confidence,v91_rank,v9_rank,conflict_raw,conflict_shrunk,crime_raw,crime_shrunk,health_raw,health_shrunk,governance_raw,governance_shrunk,environment_raw,environment_shrunk,advisory_A,advisory_nAdv,advisory_severeShare,advisory_severeEff,advisory_rhoA,mu_prior,G_geomean,acute_mean,composite,gpi_overall_raw,gpi_overall_norm,gpi_overall_year,gpi_safety_security_raw,gpi_safety_security_norm,gpi_militarisation_raw,gpi_militarisation_norm,homicide,homicide_norm,homicide_year,ucdp_deaths,ucdp_deaths_norm,ucdp_deaths_year,air_pollution_raw,air_pollution_norm,air_pollution_year,population,homicide_rho_eff
ABW,Aruba,americas,6.6446507195660836,6.44246239013051,-0.20218832943557352,0.18018562783060094,142,137,0.9803921568627451,0.6597947303921569,0.9677541576982919,0.6709270020293223,,0.5140686274509804,,0.5140686274509804,,0.5140686274509804,0.9803921568627452,5,0,0,0.45454545454545453,0.5140686274509804,0.5921762231201013,0.5921762231201013,0.5921762231201013,,,,,,,,1.93475053810249,0.9677541576982919,2014,,,,,,,108785,0.5284502161698269
AFG,Afghanistan,asia,3.8560056410932426,3.815052120496687,-0.04095352059655566,0.8029564849095643,243,247,0.3131779143892843,0.31653728027720335,0.5496914784387721,0.5071327061844056,0.43740000000000007,0.41234687500000006,0.14214285714285713,0.1811517857142857,0.4386809115308966,0.4133075586481724,0.11428571428571428,11,0.7714285714285715,0.4991596638655463,0.6470588235294118,0.3371875,0.354645239206478,0.354645239206478,0.29799736772045504,3.106,0.29800000000000004,2026,3.556,0.361,2.701,0.57475,4.0324584656778,0.9327923589053699,2021,330,0.42472692639030096,2025,37.9483109911724,0.620516890088276,2023,43844111,1.4931886467182867
AGO,Angola,africa,6.701987232353462,6.4992284199316055,-0.20275881242185623,0.8030629652815315,137,130,0.7074668886240248,0.6718629385494483,0.7659070339009914,0.7030906269489194,0.5318,0.5119263116057234,0.4153214285714286,0.4227181921417216,0.7192483425691906,0.6525125685326163,0.7117117117117117,12,0,0,0.6666666666666666,0.4523052464228935,0.598611494475483,0.598611494475483,0.598611494475483,1.955,0.6816666666666666,2026,2.263,0.68425,1.647,0.8382499999999999,4.09826656345614,0.9316955572757311,2016,24,0.6808523250407579,2025,19.9075690536367,0.800924309463633,2023,39040039,1.4923547476596544
AIA,Anguilla,americas,6.639577423157048,6.099926196997536,-0.5396512261595126,0.09375,165,138,0.9777777777777777,0.6586631944444444,,0.5136111111111111,,0.5136111111111111,,0.5136111111111111,,0.5136111111111111,0.9777777777777777,5,0,0,0.45454545454545453,0.5136111111111111,0.5534050349694002,0.5534050349694002,0.5534050349694002,,,,,,,,,,,,,,,,,,
ALA,Aland Islands,europe,6.205096827573794,5.626512219952298,-0.5785846076214956,0,193,182,,0.5,,0.5,,0.5,,0.5,,0.5,,0,0,0,0,0.5,0.5,0.5,0.49999999999999994,,,,,,,,,,,,,,,,,,
ALB,Albania,europe,7.678938197266844,7.747710875971985,0.06877267870514103,0.8015414563393182,50,46,0.8635024305555556,0.8246288487871676,0.8563610412550615,0.8012928985512255,0.84922,0.78379,0.5300714285714285,0.5415571428571428,0.6452507984838627,0.630813098862897,0.8888888888888888,9,0,0,0.6,0.5875,0.7408018152472311,0.7408018152472311,0.7408018152472311,1.725,0.7583333333333333,2026,1.812,0.7969999999999999,1.933,0.76675,1.38708340817063,0.9768819431971562,2023,0,1,2025,15.5141032036885,0.844858967963115,2023,2349580,1.3823335608217824
AND,Andorra,europe,7.598695848897325,7.960878934030372,0.3621830851330472,0.4531662520377107,39,49,1,0.902439024390244,0.956922546739037,0.7089855625946071,0.9875,0.79375,,0.6,0.9111697812029187,0.7555848906014593,1,9,0,0,0.6,0.6,0.765195610013527,0.765195610013527,0.765195610013527,,,,,,,,2.58464719565779,0.9569225467390369,2020,0,1,2025,8.88302187970813,0.9111697812029187,2023,82904,0.43956960665101946
ARE,United Arab Emirates,middle_east,7.343513274278074,7.234752111770574,-0.10876116250749934,0.7856516497659287,86,73,0.7881486206896552,0.7400858063392546,0.8422548003122947,0.763053307110656,0.7,0.6160919540229884,0.6737142857142857,0.6286266009852216,0.5973080495705234,0.5600500026951339,0.7241379310344828,8,0,0,0.5714285714285714,0.4482758620689655,0.6822350745861088,0.6822350745861088,0.6822350745861088,1.927,0.6910000000000001,2026,1.919,0.77025,2.188,0.703,0.693218125037315,0.9884463645827114,2022,0,1,2025,57.1867315267375,0.428132684732625,2023,11513149,1.4743877585779879
ARG,Argentina,americas,7.437422850660278,7.220735143796311,-0.21668770686396677,0.8030743052661173,89,61,0.7597161972690247,0.7284613842216147,0.7257139874196505,0.6876662919603929,0.83005,0.7564683426073131,0.5440357142857143,0.542373245514422,0.6425410194707118,0.6158366072103472,0.927927927927928,12,0,0,0.6666666666666666,0.5357233704292528,0.6806374404037461,0.6806374404037461,0.6806374404037461,1.922,0.6926666666666668,2026,2.49,0.6275,1.468,0.883,4.49291137824536,0.9251181436959106,2023,45,0.6203948004138269,2025,14.3465949932455,0.856534050067545,2023,45851378,1.4934855369583078
ARM,Armenia,middle_east,7.210568052101507,7.271691911968693,0.061123859867185715,0.801964994380767,83,83,0.7783911931818183,0.7297493670255184,0.8578741533529503,0.7710784697354263,0.80816,0.7140745454545454,0.5405357142857143,0.5187922077922078,0.6572929926736346,0.6009242899597714,0.6363636363636364,10,0,0,0.625,0.4318181818181818,0.6864461368561297,0.6864461368561297,0.6864461368561297,1.825,0.7250000000000001,2026,1.776,0.806,2.057,0.73575,2.20833575400906,0.963194404099849,2023,0,1,2025,28.5532304553511,0.714467695446489,2023,3086700,1.408723035263334
ASM,American Samoa,oceania,6.434940177723687,6.027027288033378,-0.4079128896903095,0.16478381959707689,168,166,1,0.5933333333333334,0.574399821902695,0.5097964196712568,,0.4916666666666667,,0.4916666666666667,0.9441316024203208,0.7178991345434937,1,2,0,0,0.25,0.4916666666666667,0.5451674659601298,0.5451674659601298,0.5451674659601298,,,,,,,,25.5360106858383,0.574399821902695,2018,,,,4.32593683167305,0.9567406316832695,2023,46029,0.2806315515650594
ATA,Antarctica,other,6.08949808525093,5.501952668140727,-0.5875454171102028,0.075,200,192,0.6666666666666666,0.5205729166666666,,0.471875,,0.471875,,0.471875,,0.471875,0.6666666666666666,3,0,0,0.3333333333333333,0.471875,0.4859855419444717,0.4859855419444717,0.4859855419444717,,,,,,,,,,,,,,,,,,
ATF,French Southern Territories,other,5.78939212004258,5.181446289511495,-0.6079458305310848,0,211,209,,0.45,,0.45,,0.45,,0.45,,0.45,,0,0,0,0,0.45,0.45,0.45,0.45000000000000007,,,,,,,,,,,,,,,,,,
ATG,Antigua and Barbuda,americas,7.108009557305397,7.465872203069122,0.3578626457637242,0.606117221268706,71,93,0.9848484848484848,0.8685537190082644,0.8213944450100283,0.6175698034690995,0.8680100000000001,0.7809248553719009,0.47,0.49483471074380164,0.8475545058331393,0.7655832347467553,0.9696969696969696,6,0,0,0.5,0.5196694214876033,0.7085991588412754,0.7085991588412754,0.7085991588412754,,,,,,,,10.7163332993983,0.8213944450100283,2023,0,1,2025,8.4161129524253,0.915838870475747,2023,94209,0.4803167136287469
AUS,Australia,oceania,8.335801262236917,8.370888036729074,0.03508677449215725,0.8022689582538081,18,16,0.9144816666666667,0.862993378870674,0.8842482668029533,0.8176716640473649,0.8722599999999999,0.7922158333333333,0.9039642857142858,0.8335880952380952,0.713387124942196,0.6730611770399804,1,7,0,0,0.5384615384615384,0.5520833333333334,0.8122016347549653,0.8122016347549653,0.8122016347549653,1.602,0.7993333333333333,2026,1.663,0.8342499999999999,1.704,0.8240000000000001,0.854406035826682,0.9857598994028887,2023,0,1,2025,6.41473930057816,0.9358526069942184,2023,27614411,1.4892142242379318
AUT,Austria,europe,8.48071681743425,8.475378437517762,-0.005338379916487668,0.802425560207187,14,12,0.938154051724138,0.8905267204953862,0.890995949328887,0.8324232153355685,0.9441299999999999,0.8580975,0.7911428571428573,0.7529142857142859,0.6979772911471586,0.6734829683603689,0.9770114942528735,9,0,0,0.6,0.6,0.8241987511885797,0.8241987511885797,0.8241987511885797,1.421,0.8596666666666667,2026,1.622,0.8445,1.336,0.9159999999999999,0.876191031111463,0.9853968161481422,2023,0,1,2025,10.0337620235066,0.899662379764934,2023,9208163,1.4681127973654369
AZE,Azerbaijan,middle_east,6.4285537860070425,6.386785822864077,-0.04176796314296549,0.8026059141642108,148,169,0.7312628535353536,0.6879123579360861,0.7710332448689972,0.700901926732138,0.7830900000000001,0.6929151430976431,0.21982142857142856,0.26033525733525736,0.6031267419372885,0.5579426995506095,0.5959595959595959,10,0,0,0.625,0.4223905723905724,0.5858671745045466,0.5858671745045466,0.5858671745045466,2.142,0.6193333333333333,2026,2.296,0.676,2.1,0.725,2.16122820563689,0.9639795299060518,2023,0,1,2025,23.7138875571912,0.7628611244280881,2023,10246996,1.471283611097391
BDI,Burundi,africa,6.033503170818969,5.731184285324609,-0.30231888549436015,0.802933065552641,190,195,0.5855456431797251,0.5613636911199669,0.6865214182031667,0.6314389438079023,0.51061,0.48601791335453104,0.2575,0.28844833068362485,0.7117540629143053,0.63687596054026,0.5495495495495495,12,0.02702702702702703,0.018018018018018018,0.6666666666666666,0.412241653418124,0.5147570247293696,0.5147570247293696,0.5117890562984975,2.417,0.5276666666666667,2026,2.686,0.5785,1.662,0.8345,5.64974214487878,0.905837630918687,2016,62,0.5892131641875639,2025,35.6918123934643,0.6430818760653569,2023,14390003,1.479437975441129
BEL,Belgium,europe,8.255029106842981,8.335523957571983,0.08049485072900175,0.8026464290801949,20,19,0.8746155555555556,0.8347734762833009,0.8776458415547881,0.8199798583381236,0.9340700000000002,0.8482376851851853,0.8300357142857142,0.7821767195767195,0.7017848061483367,0.6740237897964377,0.8888888888888888,10,0,0,0.625,0.5907407407407407,0.8081428904949289,0.8081428904949289,0.8081428904949289,1.608,0.7973333333333333,2026,1.695,0.8262499999999999,1.992,0.752,1.08030153549307,0.9819949744084489,2021,0,1,2025,8.44918716609445,0.9155081283390555,2023,11941781,1.475291927930507
BEN,Benin,africa,6.618334275356726,6.274172688133135,-0.34416158722359125,0.8028240823089519,154,141,0.6102752225985408,0.5864652806163033,0.7033537642626,0.6504926037376431,0.4922700000000001,0.4792285416666668,0.6600357142857143,0.6160494047619047,0.5621275675564428,0.5316217173339988,0.6666666666666666,11,0.029411764705882353,0.01903114186851211,0.6470588235294118,0.4401041666666667,0.5766262652418285,0.5766262652418285,0.5731146312389717,2.293,0.569,2026,2.734,0.5665,1.738,0.8155,1.1274974068,0.9812083765533334,2017,126,0.5197046640424077,2025,39.6565559870988,0.603434440129012,2023,14814460,1.4800192614319796
BES,"Bonaire, Sint Eustatius and Saba",americas,5.620432067402156,5.0028768289566745,-0.6175552384454814,0,221,219,,0.43,,0.43,,0.43,,0.43,,0.43,,0,0,0,0,0.43,0.43,0.43,0.42999999999999994,,,,,,,,,,,,,,,,,,
BFA,Burkina Faso,africa,5.203866076856776,4.607838865415058,-0.5960272114417178,0.8029007990584267,231,228,0.3345970378455748,0.3368898353242766,0.6579550771412388,0.5964086954606725,0.34619,0.34738844907407407,0.50125,0.47119675925925925,0.6910796892631406,0.6060557160214295,0.2962962962962963,11,0.4444444444444444,0.2875816993464052,0.6470588235294118,0.35098379629629634,0.43604070996727123,0.39353023717096247,0.3858896666714335,2.882,0.3726666666666666,2026,3.001,0.49975,2.082,0.7295,1.25044051977478,0.9791593246704203,2017,4333,0.16970354124742337,2025,37.3246424541393,0.626753575458607,2023,24074580,1.487641392765601
BGD,Bangladesh,asia,6.330596940427996,6.054080180794162,-0.27651675963383404,0.803122472647982,166,176,0.7454413682432434,0.7059295656865827,0.7226355282485282,0.6705453431462924,0.48945,0.4826558624801272,0.3603928571428571,0.38076897569838747,0.30711606858093915,0.34590541391583157,0.6306306306306307,12,0,0,0.6666666666666666,0.4622734499205088,0.5482238629981783,0.5482238629981783,0.5482238629981783,2.226,0.5913333333333333,2026,2.579,0.60525,1.615,0.84625,2.34217668208578,0.960963721965237,2018,0,1,2025,69.2525518340174,0.30747448165982605,2023,175686899,1.4982943584672557
BGR,Bulgaria,europe,7.840241046257993,7.86626551363881,0.026024467380817207,0.8021193659479273,45,38,0.8952567978395063,0.8530869923415063,0.8708985094421513,0.8156300959724578,0.87447,0.8051165075973409,0.4969285714285714,0.5169540632207299,0.6863897510326572,0.6640563208718339,0.9506172839506173,8,0,0,0.5714285714285714,0.5970560303893637,0.7543646646507649,0.7543646646507649,0.7543646646507649,1.628,0.7906666666666667,2026,1.735,0.8162499999999999,1.795,0.80125,1.08890737415431,0.9818515437640948,2023,0,1,2025,19.6823426211069,0.8031765737889309,2023,6433302,1.4547736557147557
BHR,Bahrain,middle_east,7.0116420735566045,6.946043768094468,-0.06559830546213608,0.8013009160142177,102,102,0.7443741666666668,0.7008394753086421,0.7999340012285949,0.7240645673071185,0.8127800000000001,0.7178922916666667,0.40635714285714286,0.4117315476190476,0.7056510050578731,0.6375455454600715,0.6380952380952382,11,0,0,0.6470588235294118,0.4332291666666667,0.6493591910139032,0.6493591910139032,0.6493591910139032,2.131,0.623,2026,2.188,0.703,2.096,0.726,0.195636140255462,0.9967393976624089,2022,0,1,2025,56.5654845582004,0.4343451544179959,2023,1600366,1.3333672153328822
BHS,Bahamas,americas,6.993490268839679,6.8650721454447625,-0.12841812339491643,0.6519862451451961,109,105,0.9166666666666667,0.816260162601626,0.46336434500474,0.4841560291660761,0.82144,0.7423299999999999,0.6,0.5525,0.8711258914668661,0.7795944186001496,0.8333333333333333,9,0,0,0.6,0.505,0.6598588311953586,0.5844877833494659,0.6401505671954988,,,,,,,,32.1981392997156,0.46336434500474,2022,0,1,2025,5.28191362280586,0.9471808637719414,2023,403033,1.0025147877479341
BIH,Bosnia and Herzegovina,europe,7.47712405139546,7.431319863201501,-0.04580418819395948,0.8016611499195769,75,56,0.8591168103448277,0.8193606673498915,0.804995460477672,0.7587626799896203,0.86599,0.7939885212201592,0.3845714285714286,0.4232539598332702,0.6477369551912959,0.6302987376136311,0.8620689655172413,8,0,0,0.5714285714285714,0.5779840848806366,0.7046552096572146,0.7046552096572146,0.7046552096572146,1.81,0.73,2026,2.124,0.719,1.492,0.877,1.22446173133237,0.9795923044777939,2023,0,1,2025,26.0886959562752,0.739113040437248,2023,3140095,1.4101821954165974
BLM,Saint Barthelemy,americas,5.620432067402156,5.0028768289566745,-0.6175552384454814,0,221,219,,0.43,,0.43,,0.43,,0.43,,0.43,,0,0,0,0,0.43,0.43,0.43,0.42999999999999994,,,,,,,,,,,,,,,,,,
BLR,Belarus,europe,5.957855695987199,5.916911814525817,-0.040943881461381615,0.8026995230373533,176,202,0.6065220833333334,0.5815174502743484,0.7486995259079365,0.6841047515449902,0.81583,0.718825625,0.4094285714285715,0.4131053571428572,0.7431933580383626,0.6643481435287719,0.2,11,0.6,0.38823529411764707,0.6470588235294118,0.4278125,0.6083070978866116,0.6083070978866116,0.5327338866668161,2.216,0.5946666666666667,2026,2.422,0.6445,2.306,0.6735,2.38463165310244,0.9602561391149593,2019,0,1,2025,11.9843753055171,0.880156246944829,2023,9085991,1.467693270432849
BLZ,Belize,americas,6.888818939944866,6.86437733297529,-0.024441606969575425,0.65413953599351,110,116,0.9099099099099098,0.8136949655537891,0.5323618046364883,0.5207944777804411,0.8270700000000001,0.7475560771065184,0.42000000000000004,0.46450715421303657,0.7560296058654634,0.6942757815056159,0.8198198198198198,12,0,0,0.6666666666666666,0.5090143084260731,0.6474942249826732,0.6183102646158014,0.6400715713821611,,,,,,,,28.0582917218107,0.5323618046364883,2022,0,1,2025,16.7646615164655,0.832353384835345,2023,422924,1.0184003184979227
BOL,Bolivia,americas,6.757385858803794,6.719029128052973,-0.03835673075082102,0.8027888764686255,123,124,0.7620966666666668,0.7215623936899864,0.746893617777725,0.6917351382301303,0.71597,0.6550764583333333,0.36317857142857146,0.38502202380952383,0.6155766243853171,0.5797814266223211,0.6761904761904761,11,0,0,0.6470588235294118,0.4723958333333333,0.6235550354607678,0.6235550354607678,0.6235550354607678,2.054,0.6486666666666667,2026,2.366,0.6585,2.144,0.714,4.41843313132273,0.9263594478112879,2023,0,1,2025,28.1374394437756,0.718625605562244,2023,12581843,1.476529206312423
BRA,Brazil,americas,6.38210996184017,6.308044891442565,-0.07406507039760513,0.8028806491871665,152,173,0.633877289348986,0.6120441958707422,0.5896383732798065,0.5673677252304984,0.51732,0.5075691245791246,0.6258928571428571,0.5963775853775853,0.6666604893646308,0.6195744916025977,0.7070707070707071,10,0,0,0.625,0.4783164983164983,0.5769492072373013,0.5769492072373013,0.5769492072373013,2.333,0.5556666666666665,2026,2.817,0.54575,1.748,0.813,19.2752957673079,0.6787450705448683,2023,68,0.580193421556624,2025,13.3827173243912,0.866172826756088,2023,212812405,1.4985916313183731
BRB,Barbados,americas,7.382995764449669,7.93510694596657,0.5521111815169011,0.6891805075293573,41,68,0.9777777777777777,0.8707519640852973,0.8760342287203898,0.6951683264910075,0.77678,0.7166590740740741,0.8022857142857143,0.7490878306878306,0.8179022847312856,0.7475007876225381,0.9555555555555556,10,0,0,0.625,0.5362962962962963,0.7622447300860428,0.7622447300860428,0.7622447300860428,,,,,,,,7.43794627677661,0.8760342287203898,2023,0,1,2025,10.9080492042776,0.890919507957224,2023,282623,0.8783968024731519
BRN,Brunei,asia,7.108800009116431,7.837472183959673,0.7286721748432425,0.6537495391325494,47,92,0.9710144927536233,0.8593960202438465,0.9918936840449869,0.7617968960359448,0.80759,0.7357543961352657,0.69,0.6051237922705314,0.7562596496249891,0.6972566333540076,0.9420289855072465,7,0,0,0.5384615384615384,0.5202475845410628,0.7510697557856868,0.7510697557856868,0.7510697557856868,,,,,,,,0.486378957300791,0.9918936840449868,2013,0,1,2025,7.56922294285959,0.9243077705714041,2023,466330,1.0497726351807664
BTN,Bhutan,asia,8.133244627719069,7.982326183773768,-0.15091844394530085,0.7996919422971049,35,22,0.923459616935484,0.8695199913931334,0.8544386771791388,0.7873395484442056,0.7844200000000001,0.7230999462365593,0.7402142857142857,0.6999993855606759,0.6759317517776743,0.6417337600698149,0.967741935483871,10,0,0,0.625,0.5391397849462365,0.7676516566792544,0.7676516566792544,0.7676516566792544,1.546,0.818,2026,1.788,0.8029999999999999,1.281,0.9297500000000001,2.46751324015657,0.9588747793307238,2020,0,1,2025,30.0727424508173,0.699272575491827,2023,796682,1.1990012862678368
BVT,Bouvet Island,other,5.78939212004258,5.181446289511495,-0.6079458305310848,0,211,209,,0.45,,0.45,,0.45,,0.45,,0.45,,0,0,0,0,0.45,0.45,0.45,0.45000000000000007,,,,,,,,,,,,,,,,,,
BWA,Botswana,africa,7.55963860061715,7.512844099215683,-0.04679450140146724,0.8017844982962512,65,50,0.8397650403225807,0.7887837430830661,0.7088375280092303,0.6613429850517052,0.80653,0.7240283243727599,0.6959642857142856,0.6520760880696364,0.793497269152307,0.71425377623699,0.8279569892473118,10,0,0,0.625,0.4765232974910394,0.7139621359894751,0.7139621359894751,0.7139621359894751,1.823,0.7256666666666667,2026,2.365,0.65875,1.79,0.8025,11.3681767255945,0.8105303879067584,2021,0,1,2025,13.2435593608353,0.867564406391647,2023,2562122,1.3913878532519561
CAF,Central African Republic,africa,4.398544615383133,3.9018921526356234,-0.49665246274750974,0.802215813677341,239,243,0.366053498730685,0.3602713158108702,0.460705296403,0.43327618081159935,0.32117,0.3221275,0.16021428571428573,0.1931714285714286,0.6043742543907273,0.5345306907930455,0.16666666666666666,9,0.625,0.375,0.6,0.325,0.3495218803256287,0.3495218803256287,0.3075792546865533,2.906,0.3646666666666666,2026,3.559,0.36024999999999996,2.291,0.67725,20.120400654,0.6646599891,2016,277,0.4420281204667321,2025,33.2858847106909,0.6671411528930911,2023,5513282,1.447490776754937
CAN,Canada,americas,8.225023711165882,8.274824656803316,0.049800945637434424,0.8025039729062209,22,20,0.9192177083333335,0.8644523965617718,0.8963167111841568,0.8233384883931323,0.8750399999999999,0.7892671794871795,0.8612857142857142,0.795418315018315,0.650092033340201,0.6205562044923303,0.9733333333333333,8,0,0,0.5714285714285714,0.5319487179487179,0.8011783190336008,0.8011783190336008,0.8011783190336008,1.525,0.8250000000000001,2026,1.554,0.8614999999999999,1.569,0.85775,1.97968887560784,0.967005185406536,2023,0,1,2025,6.55039237938261,0.9344960762061739,2023,41651653,1.49283182434873
CCK,Cocos (Keeling) Islands,other,5.78939212004258,5.181446289511495,-0.6079458305310848,0,211,209,,0.45,,0.45,,0.45,,0.45,,0.45,,0,0,0,0,0.45,0.45,0.45,0.45000000000000007,,,,,,,,,,,,,,,,,,
CHE,Switzerland,europe,8.675102888770095,8.706782945831868,0.03168005706177368,0.8022508162493298,3,4,0.9445100000000001,0.8957914141414142,0.9241863493270044,0.858927713292163,0.92129,0.8409675000000001,0.9337500000000001,0.867,0.7442240256582436,0.7081680192436828,1,8,0,0,0.5714285714285714,0.6,0.8507923194756069,0.8507923194756069,0.8507923194756069,1.363,0.879,2026,1.433,0.89175,1.564,0.859,0.597481940544685,0.9900419676575886,2023,0,1,2025,8.32022270668715,0.9167977729331285,2023,9092436,1.4677156775682931
CHL,Chile,americas,7.556462028421761,7.657318335908004,0.10085630748624297,0.8028746907655224,57,52,0.8152897916666667,0.7701986616941016,0.7563794009830694,0.70354967168837,0.8630800000000001,0.7705652083333334,0.8141785714285714,0.7499470238095238,0.6240429243998536,0.5912874016332236,0.761904761904762,11,0,0,0.6470588235294118,0.49302083333333335,0.7304674171877817,0.7304674171877817,0.7304674171877817,1.826,0.7246666666666666,2026,2.246,0.6885,1.991,0.75225,6.34829073035101,0.8941951544941498,2023,0,1,2025,23.1032480114662,0.7689675198853381,2023,19859921,1.4850448065074633
CHN,China,asia,6.835683512553736,6.733752222368549,-0.10193129018518654,0.8027443462602555,121,119,0.7897554166666667,0.7496490199530517,0.7523547916120537,0.7028817232414819,0.75357,0.6914275,0.41682142857142856,0.4344571428571428,0.34114387358028714,0.3821079051852153,0.8333333333333333,9,0,0,0.6,0.505,0.6252272947468074,0.6252272947468074,0.6252272947468074,2.231,0.5896666666666668,2026,2.462,0.6345,2.038,0.7405,0.5018560705357,0.9916357321577384,2020,0,1,2025,31.991575365069,0.68008424634931,2023,1406585000,1.4997867477972826
CIV,Cote d'Ivoire,africa,5.954138485300435,6.397739984816885,0.44360149951645056,0.7796689895470383,145,203,0.7656408333333334,0.7153336382113822,0.65325,0.5871428571428571,0.58605,0.5450062499999999,0.40714285714285714,0.4100892857142857,0.719604868680124,0.645172401510093,0.6666666666666666,3,0,0,0.3333333333333333,0.421875,0.5871082430487827,0.5871082430487827,0.5871082430487827,2.061,0.6463333333333334,2026,2.387,0.65325,1.896,0.776,,,,0,1,2025,20.3873194822538,0.7961268051774619,2023,32711547,
CMR,Cameroon,africa,5.538226225827475,5.0589483564061,-0.4792778694213746,0.8027948012572521,220,222,0.5131779168555762,0.49944345348214314,0.6423920094364676,0.5968868102630425,0.38088,0.38948996632996635,0.17350000000000002,0.22186397306397304,0.5126526951156622,0.488319487666713,0.5656565656565656,10,0.030303030303030304,0.01893939393939394,0.625,0.4153198653198653,0.4389363737163915,0.4389363737163915,0.4362761532696255,2.634,0.45533333333333337,2026,2.913,0.52175,1.811,0.79725,6.76008919336955,0.8873318467771741,2022,367,0.4142206671609683,2025,55.603592684544,0.44396407315456,2023,29879337,1.4900263759138042
COD,Democratic Republic of the Congo,africa,4.58803363872072,3.8733704921686183,-0.7146631465521018,0.7807142857142857,241,240,0.29780115133043894,0.3078555323092074,0.35724999999999996,0.3603733766233766,0.27777,0.30037295454545454,0.14839285714285716,0.19235064935064936,0.584656242365182,0.530537636319341,0.3333333333333333,6,0.18181818181818182,0.09090909090909091,0.5,0.3681818181818182,0.31355237675261827,0.31355237675261827,0.3044308530652694,3.189,0.2703333333333333,2026,3.571,0.35724999999999996,1.955,0.76125,,,,8059,0.10818937975156773,2025,35.8125021813766,0.6418749781862341,2023,112832473,
COG,Congo,africa,6.268015302581867,5.5700185950481345,-0.6979967075337328,0.7804341736694678,198,180,0.5886463357251183,0.5662388560783693,0.52025,0.49526785714285715,0.64671,0.5932356249999999,0.25742857142857145,0.2925053571428572,0.5751208536888236,0.5395437652666177,0.6875,5,0.0625,0.028409090909090908,0.45454545454545453,0.43281250000000004,0.4981706329245291,0.4981706329245291,0.4936418089888517,2.256,0.5813333333333335,2026,2.919,0.52025,2.003,0.74925,,,,301,0.43381801449446966,2025,36.5403519085882,0.634596480914118,2023,6484437,
COK,Cook Islands,oceania,6.7333683325752025,6.203177441757399,-0.5301908908178037,0.08571428571428573,159,127,1,0.6626984126984128,,0.5277777777777778,,0.5277777777777778,,0.5277777777777778,0.9,0.5277777777777778,1,4,0,0,0.4,0.5277777777777778,0.565080797276175,0.565080797276175,0.5650807972761751,,,,,,,,,,,,,,,,,,
COL,Colombia,americas,5.933543431815701,5.609571243811718,-0.32397218800398253,0.8029686853011564,196,206,0.4812082177900253,0.47548618320212055,0.47487856880888163,0.4679576114102436,0.54725,0.520515625,0.6476428571428572,0.6061767857142858,0.5813909270002172,0.5461213202501629,0.5428571428571427,11,0,0,0.6470588235294118,0.44031249999999994,0.5071057812703659,0.47200442916971574,0.49809300164717446,2.735,0.42166666666666675,2026,3.317,0.42074999999999996,1.825,0.79375,24.9134420347488,0.58477596608752,2023,612,0.36362681948818554,2025,18.3566187713727,0.816433812286273,2023,53425635,1.4944056606509182
COM,Comoros,africa,6.3780840945359385,6.274105490192224,-0.10397860434371431,0.5707142857142857,155,174,0.9027777777777777,0.7937279541446206,,0.46238425925925924,0.7523,0.6798210648148147,0.2488928571428571,0.2915911375661375,0.8854392745512414,0.7796755207282459,0.8055555555555555,7,0,0,0.5384615384615384,0.46238425925925924,0.5774823624433262,0.5601789101828993,0.5731070249684445,,,,,,,,,,,0,1,2025,10.1727579725379,0.8982724202746211,2023,882847,
CPV,Cabo Verde,africa,6.688194892858079,7.54025344248817,0.8520585496300912,0.6993791853196607,62,132,0.8888888888888887,0.7775542784163473,0.8834225960039208,0.6751326837912721,0.84871,0.7486852777777777,0.6557499999999999,0.6143222222222222,0.859324460657308,0.7566461232707589,0.7777777777777777,5,0,0,0.45454545454545453,0.4486111111111111,0.7170923203676698,0.7170923203676698,0.7170923203676698,,,,,,,,6.99464423976475,0.8834225960039208,2020,0,1,2025,20.1930112407691,0.798069887592309,2023,527326,1.0875302134118674
CRI,Costa Rica,americas,7.7221725819361104,7.6386932612855425,-0.08347932065056796,0.8024578996823051,58,45,0.834408564814815,0.7884237397119342,0.7156373606999415,0.6731845071354533,0.8004399999999999,0.7267680787037036,0.83925,0.772550462962963,0.6938213243363123,0.6468040719559379,0.8148148148148148,11,0,0,0.6470588235294118,0.5057523148148148,0.7287975562993227,0.7269641571102684,0.7283387734736547,1.86,0.7133333333333334,2026,2.115,0.72125,1.706,0.8235,17.7454798727379,0.7042420021210349,2023,0,1,2025,17.6979830088429,0.823020169911571,2023,5152950,1.443956136336039
CUB,Cuba,americas,6.5795855385835775,6.56169358954444,-0.0178919490391376,0.8027538648687025,128,149,0.7323310416666667,0.6914724802812072,0.7000826673198637,0.6478472232861074,0.77596,0.692048125,0.2825,0.3140625,0.7944319446414245,0.7059020834810684,0.5428571428571428,11,0,0,0.6470588235294118,0.4403125,0.6056960461647267,0.6056960461647267,0.6056960461647267,2.139,0.6203333333333334,2026,2.644,0.589,1.545,0.86375,4.46315139638841,0.9256141433935265,2019,0,1,2025,9.44801581673589,0.9055198418326411,2023,10937203,1.4730632547507665
CUW,Curacao,americas,6.198835772659435,5.776368550027299,-0.422467222632136,0.15920914404710004,188,185,0.9333333333333333,0.5595555555555556,0.7180031149809767,0.5660710714960637,,0.4661111111111111,,0.4661111111111111,,0.4661111111111111,0.9333333333333333,2,0,0,0.25,0.4661111111111111,0.5168814650397142,0.5168814650397142,0.5168814650397142,,,,,,,,16.9198131011414,0.7180031149809767,2007,,,,,,,156263,0.6579254651760076
CXR,Christmas Island,other,5.78939212004258,5.181446289511495,-0.6079458305310848,0,211,209,,0.45,,0.45,,0.45,,0.45,,0.45,,0,0,0,0,0.45,0.45,0.45,0.45000000000000007,,,,,,,,,,,,,,,,,,
CYM,Cayman Islands,americas,6.454362541952282,6.170756286446356,-0.28360625550592555,0.14799992299992298,162,162,1,0.62171875,0.9272033719398116,0.6216457516801536,,0.495625,,0.495625,,0.495625,1,3,0,0,0.3333333333333333,0.495625,0.5614135290744936,0.5614135290744936,0.5614135290744936,,,,,,,,4.3677976836113,0.9272033719398116,2020,,,,,,,75844,0.4124287640840475
CYP,Cyprus,europe,8.055567084058945,8.121111514607685,0.0655444305487407,0.8009089734418429,28,29,0.8608477020202021,0.8242374982278929,0.7933292767981648,0.7531277966302719,0.8882,0.81615,0.7505714285714286,0.7204571428571429,0.8359474202909297,0.7769605652181973,0.9595959595959596,10,0,0,0.625,0.6,0.783552313433252,0.783552313433252,0.783552313433252,1.967,0.6776666666666666,2026,2.207,0.69825,1.792,0.802,0.81785876397005,0.9863690206004991,2023,0,1,2025,16.0691610763589,0.839308389236411,2023,1370754,1.3090089218298981
CZE,Czech Republic,europe,8.568137645825043,8.526189551271072,-0.041948094553971416,0.8012496766300607,10,7,0.9295545833333334,0.8785724376006441,0.8884094473314563,0.825945068505864,0.9361599999999999,0.8465644444444442,0.8643214285714285,0.8070126984126983,0.7548491784631357,0.7105813282917961,1,4,0,0,0.4,0.5777777777777777,0.8300351856323118,0.8300351856323118,0.8300351856323118,1.517,0.8276666666666667,2026,1.641,0.83975,1.498,0.8755,0.767827757917044,0.9872028707013826,2023,0,1,2025,12.7487592084261,0.872512407915739,2023,10886878,1.4729409848290924
DEU,Germany,europe,8.1146163906444,8.11473409069412,0.00011770004971900505,0.8023411774214355,29,24,0.8410065307971015,0.8011756221951638,0.8712085247087251,0.8090539023353719,0.91857,0.8290920531400967,0.91925,0.8475316425120774,0.6383214912811572,0.6189056716009645,0.7971014492753623,7,0.08695652173913043,0.046822742474916385,0.5384615384615384,0.5606582125603865,0.7947290113664295,0.7947290113664295,0.7828213659787316,1.657,0.781,2026,1.739,0.81525,2.083,0.72925,0.910722780231795,0.9848212869961368,2023,0,1,2025,8.81223056430691,0.9118776943569309,2023,83491249,1.4964153958318867
DJI,Djibouti,africa,6.698012889286943,6.4829314796197055,-0.21508140966723754,0.7817109634551496,139,131,0.7568116891891893,0.7130801361518839,0.6845,0.6156149216443334,0.68699,0.6260930564387918,0.359,0.37588044515103336,0.683073747203545,0.6231558668414504,0.6756756756756757,12,0.02702702702702703,0.018018018018018018,0.6666666666666666,0.44340222575516697,0.6002244637449252,0.6002244637449252,0.5967637100800895,2.098,0.6340000000000001,2026,2.262,0.6845,2.156,0.711,,,,0,1,2025,40.2974292106183,0.597025707893817,2023,1184076,
DMA,Dominica,americas,7.20148591404879,7.162477161159087,-0.0390087528897034,0.5945648017434717,92,84,0.9761904761904763,0.8677990708478515,0.5489433999143001,0.5364344542410471,0.79887,0.7320989285714286,0.5700000000000001,0.5508928571428572,0.8277399796729215,0.7537514133261196,0.9523809523809524,9,0,0,0.6,0.5317857142857143,0.6850176469883091,0.6419947005630858,0.6739988887945367,,,,,,,,27.063396005142,0.5489433999143001,2023,0,1,2025,11.5165760747608,0.884834239252392,2023,65871,0.3716332356669212
DNK,Denmark,europe,8.77728472516901,8.708935458179067,-0.06834926698994259,0.8020878867756545,2,2,0.8869506790123458,0.844451356154134,0.941609203275051,0.8698781669923178,0.9087,0.8281299382716049,0.9625714285714285,0.8873410934744268,0.8953009192436303,0.8180806277043277,0.9012345679012346,8,0,0,0.5714285714285714,0.5864197530864197,0.8510398492112964,0.8510398492112964,0.8510398492112964,1.504,0.832,2026,1.321,0.9197500000000001,2.08,0.73,0.840599404536194,0.9859900099243968,2023,0,1,2025,7.50264703002735,0.9249735296997265,2023,6009169,1.4516843558292583
DOM,Dominican Republic,americas,6.93354041176009,6.869275574389075,-0.06426483737101485,0.8023184784415327,108,111,0.7996522772988507,0.7549053012720038,0.703113162660649,0.6589096883891136,0.67836,0.6295768081343943,0.4948214285714285,0.4925025893646583,0.6874503611152042,0.6363945789707975,0.7471264367816091,8,0.06896551724137931,0.03940886699507389,0.5714285714285714,0.4832272325375773,0.6488105230102897,0.6488105230102897,0.6406284789762684,2.038,0.6540000000000001,2026,2.414,0.6465,1.577,0.85575,10.9166976980638,0.8180550383656033,2023,0,1,2025,13.5127642846618,0.864872357153382,2023,11520487,1.4744037939720425
DZA,Algeria,africa,6.709775068879951,6.794748373749766,0.08497330486981447,0.8028316789266889,115,129,0.7295811805555555,0.6851435359811566,0.799816601865343,0.7223482973487053,0.76676,0.6783107407407407,0.37339285714285714,0.3813068783068783,0.741790954946713,0.6595839569507755,0.5555555555555554,10,0,0,0.625,0.4129629629629629,0.6321571812777296,0.6321571812777296,0.6321571812777296,2.053,0.649,2026,2.157,0.71075,2.103,0.72425,1.16107238811947,0.9806487935313422,2023,0,1,2025,16.5394687279881,0.834605312720119,2023,47435312,1.493702151042907
ECU,Ecuador,americas,6.519616015167287,5.8525664973238225,-0.6670495178434646,0.8028619123602485,184,152,0.7254690318627451,0.6913893456487533,0.42792952015933416,0.4387586588115491,0.5662900000000001,0.5451923774509805,0.36139285714285707,0.38549418767507,0.5693004804286053,0.5474502377724343,0.7156862745098039,11,0,0,0.6470588235294118,0.48189950980392154,0.5266478613955541,0.5219671044298876,0.5254737516426795,2.539,0.487,2026,2.914,0.5215,1.957,0.76075,45.7228145164847,0.23795309139192156,2023,0,1,2025,18.6084478897872,0.8139155211021281,2023,18289896,1.483774922260244
EGY,Egypt,africa,6.5007750222673035,6.507045769116292,0.006270746848988651,0.8027211636982561,135,156,0.7344533333333334,0.6905162441314555,0.7422066110049556,0.6782329150887607,0.77144,0.684205,0.37757142857142856,0.3865571428571428,0.42887645146237585,0.4272823385967819,0.5999999999999999,9,0,0,0.6,0.4225,0.5994979244367642,0.5994979244367642,0.5994979244367642,2.186,0.6046666666666667,2026,2.496,0.626,1.856,0.786,1.31152527182627,0.9781412454695622,2017,0,1,2025,43.1460553382462,0.568539446617538,2023,118365995,1.4974697635692258
ERI,Eritrea,africa,5.7993413880864795,5.764886048403203,-0.03445533968327652,0.8022240514866394,189,208,0.6935607107843138,0.6534765989873317,0.5481708842019817,0.5195002876402036,0.7023299999999999,0.6285168014705882,0.1740357142857143,0.22064401260504204,0.7108765012389703,0.634926677399816,0.5294117647058824,11,0.029411764705882353,0.01903114186851211,0.6470588235294118,0.40707720588235297,0.5187463070579401,0.5187463070579401,0.5155871599976565,2.412,0.5293333333333334,2026,3.185,0.45375,1.73,0.8175,15.6075665087306,0.7398738915211567,2012,0,1,2025,33.6567997168068,0.663432002831932,2023,3607003,1.4211978556360476
ESH,Western Sahara,africa,5.257306754715175,5.152973375032559,-0.10433337968261558,0.2176470588235294,218,226,0.6666666666666666,0.5923520334059549,,0.3959490740740741,,0.3959490740740741,,0.3959490740740741,,0.3959490740740741,0.3333333333333333,1,0,0,0.14285714285714285,0.3959490740740741,0.44680857286508335,0.44680857286508335,0.44680857286508335,,,,,,,,,,,0,1,2025,,,,,
ESP,Spain,europe,8.091825250604613,8.195130528494692,0.1033052778900796,0.8026858668653096,24,26,0.8664091666666668,0.8264219600938969,0.8680627922487665,0.8108809996621003,0.9009199999999999,0.8213149999999999,0.8037142857142857,0.7594714285714286,0.6740213517839333,0.65114101383795,0.8666666666666667,9,0,0,0.6,0.5825,0.7920379806729123,0.7920379806729123,0.7920379806729123,1.654,0.782,2026,1.765,0.8087500000000001,1.884,0.779,0.690855954769765,0.9884857340871706,2023,0,1,2025,10.0808338779581,0.899191661220419,2023,49355143,1.4939461379417267
EST,Estonia,europe,8.56242490412642,8.640775059972732,0.07835015584631222,0.8005843538020474,6,8,0.9019516666666667,0.859251430976431,0.9155070525220965,0.8498924342775785,0.9341999999999999,0.85065,0.9260357142857143,0.8608285714285714,0.7922318004172002,0.7441738503129002,1,8,0,0,0.5714285714285714,0.6,0.8432030965561449,0.8432030965561449,0.8432030965561449,1.623,0.7923333333333333,2026,1.454,0.8865000000000001,2.068,0.733,1.53599045052794,0.9744001591578677,2023,0,1,2025,5.91844561892566,0.9408155438107434,2023,1366475,1.3084872085414705
ETH,Ethiopia,africa,5.635206396505413,5.2183592209824345,-0.4168471755229781,0.802724356945447,210,217,0.39949630420526405,0.39675034586649444,0.6602344862809926,0.6041627917165122,0.41325,0.40493749999999995,0.38775,0.3862,0.6601885128515304,0.5901413846386477,0.4111111111111111,9,0.03333333333333333,0.02,0.6,0.38,0.45860494679062813,0.452472137357327,0.45413878565367216,2.648,0.45066666666666666,2026,2.749,0.56275,1.658,0.8355,8.51054794891045,0.8581575341848259,2012,5136,0.15285039200292705,2025,23.8032820424199,0.761967179575801,2023,135472051,1.4977887855472902
FIN,Finland,europe,8.608596022026639,8.633628547865476,0.02503252583883686,0.8022280250270377,7,6,0.921215926724138,0.8759742469038367,0.9465268575824262,0.8765028533374377,0.90554,0.829155,0.8953571428571427,0.8362857142857141,0.7437709551358559,0.707828216351892,0.9770114942528735,9,0,0,0.6,0.6,0.8423815934423559,0.8423815934423559,0.8423815934423557,1.478,0.8406666666666667,2026,1.287,0.92825,1.717,0.82075,0.98193498501344,0.9836344169164427,2023,0,1,2025,4.56663882609005,0.9543336117390995,2023,5646436,1.44868668706884
FJI,Fiji,oceania,7.441013567881114,8.08860942946136,0.6475958615802471,0.7099850669175711,31,60,0.9885057471264367,0.8833403420241098,0.9657341114936266,0.7830225048653118,0.81141,0.7478893965517242,0.6782142857142857,0.6540369458128078,0.8165883073573041,0.7517731270697021,0.9770114942528735,9,0,0,0.6,0.5573275862068965,0.7798273771963447,0.7798273771963447,0.7798273771963447,,,,,,,,2.0559533103824,0.9657341114936266,2023,0,1,2025,6.44872096526468,0.9355127903473532,2023,933154,1.235252225205047
FLK,Falkland Islands,americas,6.2796940730451265,5.636777155873311,-0.6429169171718154,0.06,192,179,1,0.5773333333333334,,0.4716666666666667,,0.4716666666666667,,0.4716666666666667,,0.4716666666666667,1,2,0,0,0.25,0.4716666666666667,0.5011556367924329,0.5011556367924329,0.5011556367924329,,,,,,,,,,,,,,,,,,
FRA,France,europe,7.7954308352523265,7.88311011856172,0.08767928330939334,0.802702912429468,44,41,0.7687565277777778,0.7397063125978091,0.827837154577485,0.7747234844770864,0.87713,0.7984724999999999,0.8619642857142857,0.8020714285714285,0.6515051851257381,0.6292538888443036,0.7777777777777778,9,0,0,0.6,0.5625,0.7567823908675416,0.7548247750283489,0.7562925114507968,2.083,0.639,2026,1.984,0.754,2.806,0.5485,1.33506280409367,0.9777489532651055,2023,0,1,2025,8.22738625697416,0.9177261374302584,2023,68720337,1.4956471483881455
FRO,Faroe Islands,europe,6.581298157411255,5.890313526432444,-0.6909846309788108,0.0375,179,147,1,0.5731336805555557,,0.5121527777777778,,0.5121527777777778,,0.5121527777777778,,0.5121527777777778,1,1,0,0,0.14285714285714285,0.5121527777777778,0.5297322969836403,0.5297322969836403,0.5297322969836403,,,,,,,,,,,,,,,,,54900,
FSM,Micronesia,oceania,7.166027930978886,7.203330907072051,0.03730297609316491,0.47375737674447427,91,86,1,0.6626984126984128,0.98488722849906,0.688759093700231,0.86754,0.7825994444444444,0.52,0.5238888888888888,0.8863241258646813,0.7966875388429554,1,4,0,0,0.4,0.5277777777777778,0.6801962028993023,0.6740480965796731,0.6786539388933486,,,,,,,,0.906766290056401,0.98488722849906,2019,,,,3.51665334908193,0.9648334665091807,2023,113683,0.5436204703474528
GAB,Gabon,africa,6.886522330635194,6.548599196590957,-0.337923134044237,0.7815961199294532,130,117,0.7974108700980393,0.7510481694807553,0.596,0.5588725490196078,0.6807599999999999,0.6270834803921568,0.43242857142857144,0.43915364145658264,0.6565271429102307,0.6089088375748299,0.7745098039215685,11,0.029411764705882353,0.01903114186851211,0.6470588235294118,0.46605392156862746,0.607912824221343,0.607912824221343,0.6042106561568809,2.086,0.6380000000000001,2026,2.616,0.596,1.743,0.8142499999999999,,,,0,1,2025,31.3215918230835,0.6867840817691651,2023,2593130,
GBR,United Kingdom,europe,8.059880337633224,8.164163065022754,0.10428272738952948,0.7854331037425957,26,28,0.8423684027777778,0.8036317911255412,0.9000472375862718,0.8342235405872184,0.87,0.7704040404040403,0.8473928571428572,0.79215670995671,0.7067251191086423,0.672846869634512,0.8730158730158729,6,0,0,0.5,0.5712121212121212,0.788487372608357,0.788487372608357,0.788487372608357,1.73,0.7566666666666667,2026,1.56,0.86,2.507,0.62325,1.11868407522333,0.9813552654129445,2021,0,1,2025,9.46282991802458,0.9053717008197542,2023,69487000,1.4956950363769426
GEO,Georgia,europe,7.383353901791674,7.399225377861276,0.015871476069602153,0.8020104209150545,79,67,0.7958231250000001,0.7626086003521128,0.7412806425245722,0.7044907817812773,0.7945599999999999,0.73592,0.5989285714285715,0.5911428571428572,0.6533343515085165,0.6300007636313874,0.7666666666666667,9,0,0,0.6,0.56,0.7009926010312082,0.7009926010312082,0.7009926010312082,2.066,0.6446666666666667,2026,2.478,0.6305,1.799,0.80025,2.02806499553233,0.9661989167411278,2019,0,1,2025,18.5711667549529,0.814288332450471,2023,3935766,1.42746204693399
GGY,Guernsey,europe,6.205096827573794,5.626512219952298,-0.5785846076214956,0,193,182,,0.5,,0.5,,0.5,,0.5,,0.5,,0,0,0,0,0.5,0.5,0.5,0.49999999999999994,,,,,,,,,,,,,,,,,,
GHA,Ghana,africa,7.011052846547109,6.888961198124667,-0.12209164842244213,0.802939474427534,106,103,0.769837205882353,0.7227114925764545,0.8147238524786395,0.7382543659898223,0.62489,0.5769242401960784,0.48878571428571427,0.4776339635854342,0.6833304394491938,0.6207545697829738,0.6372549019607844,11,0,0,0.6470588235294118,0.43302696078431374,0.6428668393046038,0.6428668393046038,0.6428668393046038,1.943,0.6856666666666666,2026,2.046,0.7385,1.912,0.772,1.83111773115644,0.9694813711473926,2022,0,1,2025,28.143601284493,0.71856398715507,2023,35064272,1.4914928060899713
GIB,Gibraltar,europe,6.6175197653433635,6.210572525342411,-0.40694724000095217,0.11010488986564107,158,142,0.8333333333333333,0.5888888888888889,0.946663253114866,0.6117306202101037,,0.5277777777777778,,0.5277777777777778,,0.5277777777777778,0.8333333333333333,2,0,0,0.25,0.5277777777777778,0.5659174141503822,0.5659174141503822,0.5659174141503822,,,,,,,,3.20020481310804,0.946663253114866,2010,,,,,,,40126,0.250655905649534
GIN,Guinea,africa,6.131172770604631,5.875263887990013,-0.25590888261461764,0.7815961199294532,183,191,0.7650128676470589,0.7221929945332043,0.61925,0.5734576330532212,0.5088100000000001,0.49635167892156873,0.20996428571428571,0.25976677170868345,0.6275950360274241,0.5854404559421367,0.7450980392156863,11,0.029411764705882353,0.01903114186851211,0.6470588235294118,0.4589767156862745,0.531269675643939,0.531269675643939,0.5280342617023012,2.22,0.5933333333333333,2026,2.523,0.61925,2.082,0.7295,,,,0,1,2025,27.2639917651602,0.727360082348398,2023,15099727,
GLP,Guadeloupe,americas,6.509568535982877,5.957414872475341,-0.5521536635075366,0.09375,173,153,0.9111111111111111,0.6298090277777777,,0.5019444444444444,,0.5019444444444444,,0.5019444444444444,,0.5019444444444444,0.9111111111111111,5,0,0,0.45454545454545453,0.5019444444444444,0.5373059139499572,0.5373059139499572,0.5373059139499571,,,,,,,,,,,,,,,,,,
GMB,Gambia,africa,6.652101794829498,7.077508280818454,0.4254064859889555,0.7809484777517564,95,136,0.8476733333333335,0.7937385670916821,0.688,0.62515873015873,0.6900400000000001,0.6345438888888889,0.6258928571428573,0.5943253968253969,0.6269648565803024,0.5872375313241157,0.8333333333333334,7,0,0,0.5384615384615384,0.46805555555555556,0.6643212992847625,0.6643212992847625,0.6643212992847625,1.837,0.7210000000000001,2026,2.248,0.688,1.508,0.873,,,,0,1,2025,38.265175638788,0.61734824361212,2023,2822093,
GNB,Guinea-Bissau,africa,6.524572541724149,6.4076420312385505,-0.11693051048559866,0.80163925194245,144,151,0.7792330555555557,0.7332848164392464,0.7771017980575061,0.7104184232320756,0.62103,0.578735462962963,0.21792857142857144,0.2647132275132275,0.7137227876107884,0.6482550536710543,0.7222222222222221,10,0,0,0.625,0.45185185185185184,0.5882302008705902,0.5882302008705902,0.5882302008705902,2.012,0.6626666666666667,2026,2.294,0.6765,2.156,0.711,1.11876398954435,0.9813539335075941,2017,0,1,2025,32.2919342603912,0.6770806573960879,2023,2249515,1.3775267757086607
GNQ,Equatorial Guinea,africa,6.618959658143331,6.498156223921322,-0.12080343422200901,0.7809484777517564,138,140,0.8458622916666667,0.790831158545841,0.78125,0.6890436507936508,0.6352,0.5910319444444444,0.21664285714285716,0.2650198412698413,0.6934089769377882,0.6346886771477857,0.7866666666666667,7,0,0,0.5384615384615384,0.4585277777777778,0.5984899194183689,0.5984899194183689,0.5984899194183689,1.729,0.757,2026,1.875,0.78125,1.527,0.86825,,,,0,1,2025,42.2208052713627,0.5777919472863731,2023,1938431,
GRC,Greece,europe,7.9587053416104165,7.97026888327544,0.011563541665023713,0.8022915041361489,37,34,0.857532839506173,0.8206977351866243,0.8461396709917647,0.7960397313449185,0.85018,0.786899007597341,0.6785714285714286,0.6622683489350156,0.6932308448997774,0.6691871412721739,0.9506172839506173,8,0,0,0.5714285714285714,0.5970560303893637,0.7662708678114837,0.7662708678114837,0.7662708678114837,1.828,0.724,2026,1.891,0.77725,2.36,0.66,0.839605274224601,0.9860065787629233,2023,0,1,2025,14.118664022908,0.85881335977092,2023,10413962,1.471735342561053
GRD,Grenada,americas,7.231490277027076,7.510034237651057,0.27854396062398123,0.6164525674170738,66,82,0.9666666666666666,0.861077441077441,0.7722374538424965,0.6171255459086145,0.8293999999999999,0.7548277777777778,0.58,0.5555555555555556,0.8517369995555987,0.7715805274444768,0.9333333333333332,10,0,0,0.625,0.5311111111111111,0.7146984980783189,0.710478987695236,0.7136412769460607,,,,,,,,13.6657527694502,0.7722374538424966,2023,0,1,2025,11.0315429587203,0.889684570412797,2023,117303,0.5545314730714805
GRL,Greenland,americas,6.283887964158818,6.686743297103516,0.4028553329446982,0.33403970559684387,126,178,0.9444444444444445,0.8235567632850243,0.9108114375412497,0.5881412823176818,,0.48104166666666665,,0.48104166666666665,0.9836371509990773,0.732339408832872,0.8888888888888888,3,0,0,0.3333333333333333,0.48104166666666665,0.6198886168869693,0.6198886168869693,0.6198886168869693,,,,,,,,5.35131374752502,0.9108114375412497,2016,0,1,2025,1.63628490009227,0.9836371509990773,2023,56831,0.3319167078740495
GTM,Guatemala,americas,6.826330950053368,6.773777551969384,-0.05255339808398407,0.8028653531935228,116,121,0.7809110294117648,0.738083800330832,0.6312935030003719,0.5998995358499767,0.6975499999999999,0.6418680759803921,0.5258214285714284,0.5156216036414565,0.6071225329328105,0.57404747568,0.6862745098039217,11,0,0,0.6470588235294118,0.47482230392156866,0.6297743026205971,0.6297743026205971,0.6297743026205971,2.025,0.6583333333333334,2026,2.434,0.6415,1.688,0.8280000000000001,23.3657267272051,0.6105712212132484,2023,0,1,2025,29.6792763049113,0.703207236950887,2023,18687881,1.4841167995499336
GUF,French Guiana,americas,6.436135383358488,5.8772381030405265,-0.5588972803179617,0.08571428571428573,182,165,0.9166666666666665,0.6153439153439154,,0.4948148148148148,,0.4948148148148148,,0.4948148148148148,,0.4948148148148148,0.9166666666666666,4,0,0,0.4,0.4948148148148148,0.5282569979317228,0.5282569979317228,0.5282569979317228,,,,,,,,,,,,,,,,,,
GUM,Guam,oceania,6.434940177723687,6.360833635415913,-0.07410654230777425,0.21180703536961998,149,166,1,0.5933333333333334,0.9278980849731367,0.6693123763981318,,0.4916666666666667,,0.4916666666666667,0.9285607637255145,0.7101137151960906,1,2,0,0,0.25,0.4916666666666667,0.5829273017457298,0.5829273017457298,0.5829273017457298,,,,,,,,4.32611490161179,0.9278980849731369,2019,,,,3.47075894957671,0.9652924105042329,2023,168999,0.686989666638663
GUY,Guyana,americas,6.795542507522576,6.755015846074201,-0.04052666144837502,0.7999508767746188,118,122,0.8039480514705882,0.7611982898107802,0.6107591304926585,0.5869085776156105,0.69792,0.6480432475490197,0.47503571428571434,0.4797111694677872,0.6127352612351153,0.5841546934753561,0.784313725490196,11,0,0,0.6470588235294118,0.4984129901960784,0.6276427476035088,0.6276427476035088,0.6276427476035088,2.093,0.6356666666666666,2026,2.696,0.576,1.581,0.85475,19.1201580922439,0.6813306984626016,2023,0,1,2025,16.9462260034022,0.830537739965978,2023,835986,1.21042079719224
HKG,Hong Kong,asia,6.464097021772472,6.54361641151499,0.0795193897425186,0.36091665677077145,133,161,0.7681159420289854,0.5768291611769872,0.993729903079753,0.7854661170218329,,0.4811857707509881,0.7340476190476192,0.6708321569734614,,0.4811857707509881,0.7681159420289854,6,0,0,0.5,0.4811857707509881,0.6036454617958976,0.6036454617958976,0.6036454617958976,,,,,,,,0.376205815214825,0.993729903079753,2023,,,,,,,7498900,1.4610333943810154
HND,Honduras,americas,6.583635494096447,6.464151269297193,-0.11948422479925469,0.802755532882,140,146,0.7841268382352942,0.7421699623779554,0.5528691259208327,0.5390731479813347,0.6615,0.6171896446078431,0.43392857142857144,0.4439945728291317,0.5883154006604828,0.5623011951032053,0.7254901960784315,11,0,0,0.6470588235294118,0.48425857843137254,0.5946346506730911,0.5946346506730911,0.5946346506730911,2.075,0.6416666666666666,2026,2.637,0.59075,1.77,0.8075,31.4424316507577,0.4759594724873717,2023,0,1,2025,30.7188969730187,0.6928110302698129,2023,11005850,1.4732282691629819
HRV,Croatia,europe,8.151465817551884,8.094989658815123,-0.056476158736760596,0.8018287828235042,30,21,0.8955361728395063,0.8533268597657488,0.8790795909277754,0.821832220903042,0.89636,0.821534007597341,0.6715,0.6566112060778727,0.6203433163734859,0.6145214948774553,0.9506172839506173,8,0,0,0.5714285714285714,0.5970560303893637,0.7805585341735448,0.7805585341735448,0.7805585341735448,1.619,0.7936666666666666,2026,1.7,0.825,1.82,0.7949999999999999,0.667347104040825,0.9888775482659863,2023,0,1,2025,15.7786705432032,0.842213294567968,2023,3876200,1.4264020411167264
HTI,Haiti,americas,4.944119276293685,3.883462013410842,-1.0606572628828435,0.8027756479958397,240,231,0.3361704740551351,0.33807631993493786,0.3793700506554366,0.37342490865689637,0.43467999999999996,0.41345791666666665,0.22253571428571428,0.24798690476190477,0.6479503799324686,0.5734107016160181,0.16666666666666669,11,0.7352941176470589,0.47577854671280284,0.6470588235294118,0.34979166666666667,0.36312186521624357,0.35242660477871846,0.3055446709386729,2.755,0.41500000000000004,2026,3.354,0.4115,1.8,0.8,41.1518089717388,0.31413651713768664,2023,2428,0.22711181210167297,2025,15.8127594459366,0.841872405540634,2023,11906095,1.4752190941835497
HUN,Hungary,europe,7.9980996611222785,7.96651257289526,-0.03158708822701861,0.8022650136350833,38,31,0.9223735030864197,0.8767853309327845,0.8759278811930433,0.8203993332858593,0.8441700000000001,0.7831275000000001,0.5533571428571429,0.5626857142857143,0.6699943262080877,0.6524957446560659,0.9753086419753086,8,0,0,0.5714285714285714,0.6,0.7658407195779564,0.7658407195779564,0.7658407195779564,1.538,0.8206666666666667,2026,1.717,0.82075,1.426,0.8935,0.722657964901225,0.9879557005849796,2023,0,1,2025,13.7155825810085,0.862844174189915,2023,9514251,1.4691175366994327
IDN,Indonesia,asia,6.585759306688512,6.30319748105386,-0.2825618256346525,0.8027359842708863,153,145,0.6691673444396188,0.6411156057861512,0.8273117718967824,0.7558344181375773,0.5230699999999999,0.5098024999999999,0.3914642857142857,0.40717142857142863,0.4540443752579128,0.4580332814434346,0.6777777777777778,9,0,0,0.6,0.47,0.576400382996996,0.576400382996996,0.5764003829969961,1.918,0.694,2026,2.021,0.74475,1.398,0.9005000000000001,0.303768746039586,0.9949371875660069,2022,104,0.5385654166494319,2025,20.8444642120249,0.791555357879751,2023,285721236,1.4989507599918181
IMN,Isle of Man,europe,6.332405325060622,6.013469406873484,-0.3189359181871376,0.11438187767338134,169,175,0.6666666666666666,0.5243778935185186,0.9800621264140937,0.6504374654742888,,0.5040509259259259,,0.5040509259259259,,0.5040509259259259,0.6666666666666666,1,0,0,0.14285714285714285,0.5040509259259259,0.5436359735320546,0.5436359735320546,0.5436359735320546,,,,,,,,1.19627241515438,0.9800621264140936,2015,,,,,,,84118,0.4441006905581484
IND,India,asia,5.9402964731829035,5.495198494558395,-0.4450979786245082,0.8028926876695108,201,205,0.49697649925734916,0.4885996806481305,0.7694458267338096,0.7030122721555732,0.48756,0.47499291666666665,0.38503571428571426,0.39548690476190473,0.257574683582149,0.3025039293532784,0.53125,10,0.0625,0.0390625,0.625,0.43729166666666663,0.49136817552881923,0.49136817552881923,0.485226073334709,2.409,0.5303333333333333,2026,2.284,0.679,2.419,0.64525,2.81530423021647,0.9530782628297255,2022,609,0.36411324139529444,2025,54.0522242217331,0.45947775778266897,2023,1463865525,1.4997950911384244
IOT,British Indian Ocean Territory,asia,6.0273192176074115,5.2885301101092645,-0.738789107498147,0.0375,208,196,1,0.5118836805555556,,0.4421527777777778,,0.4421527777777778,,0.4421527777777778,,0.4421527777777778,1,1,0,0,0.14285714285714285,0.4421527777777778,0.46201070196908645,0.46201070196908645,0.46201070196908645,,,,,,,,,,,,,,,,,,
IRL,Ireland,europe,8.633112562525275,8.65436155539928,0.021248992874005168,0.8020423642178918,5,5,0.9499647916666667,0.9004748211279461,0.9084640140581492,0.8461130806215623,0.93679,0.8525925,0.8340000000000001,0.7872000000000001,0.8108840342841503,0.7581630257131128,1,8,0,0,0.5714285714285714,0.6,0.8447649744248615,0.8447649744248615,0.8447649744248615,1.371,0.8763333333333333,2026,1.525,0.86875,1.339,0.91525,0.654270171245596,0.9890954971459067,2023,0,1,2025,7.51222073505132,0.9248777926494868,2023,5484367,1.4472236750371676
IRN,Iran,middle_east,4.671973039568584,4.18272051258135,-0.48925252698723476,0.802862324621233,234,238,0.3274979597477199,0.32644561451996973,0.6613152972251476,0.593007986632915,0.51353,0.46514750000000005,0.2799642857142857,0.2879714285714286,0.4320514197421073,0.4040385648065805,0.07291666666666666,10,0.78125,0.48828125,0.625,0.32,0.4078225328256011,0.38257317145165753,0.3386459037735225,2.759,0.41366666666666674,2026,2.944,0.514,1.82,0.7949999999999999,2.37540050451863,0.9604099915913562,2014,1243,0.2934569990989996,2025,40.2453897732326,0.597546102267674,2023,92417681,1.496760877655747
IRQ,Iraq,middle_east,4.595845646528042,4.500393096322483,-0.0954525502055592,0.8026828666857042,232,239,0.4221159238437441,0.4091418500629351,0.5998843630588684,0.5458388187082317,0.50288,0.45966,0.2686071428571429,0.2808857142857143,0.3654377727927696,0.35657832959457725,0.18888888888888886,9,0.5666666666666667,0.33999999999999997,0.6,0.33,0.41957592520786996,0.41957592520786996,0.3739260645452537,2.662,0.44600000000000006,2026,3.078,0.48050000000000004,2.179,0.70525,9.46375217111484,0.8422707971480861,2013,134,0.5136478926959112,2025,49.4713662187955,0.5052863378120449,2023,47020774,1.4936468639840592
ISL,Iceland,europe,8.892239920982203,8.867852176312711,-0.02438774466949134,0.7969409389042226,1,1,0.97820800154321,0.9247240417290187,0.9446642787199319,0.8679629401233764,0.91408,0.83556,0.9009285714285715,0.8407428571428571,0.9002932840581285,0.8252199630435963,0.9876543209876544,8,0,0,0.5714285714285714,0.6,0.8693224974066015,0.8693224974066015,0.8693224974066015,1.161,0.9463333333333334,2026,1.288,0.9279999999999999,1.027,0.99325,1.29013114183057,0.9784978143028238,2023,0,1,2025,4.93296364385632,0.9506703635614367,2023,392404,0.9935888346466263
ISR,Israel,middle_east,6.532487079863936,6.186165587913464,-0.346321491950472,0.8020847312943709,161,150,0.4500304595536489,0.4433618111631266,0.7379655413309634,0.6705995635079353,0.64653,0.5856708585858587,0.7968214285714286,0.7180758297258297,0.7841837884987368,0.6889111999599111,0.5151515151515151,7,0,0,0.5384615384615384,0.40309343434343436,0.5840040988892063,0.5049733258006557,0.563156408973107,3.124,0.2919999999999999,2026,2.511,0.62225,3.919,0.27025,1.62581066709758,0.9729031555483737,2022,36,0.641981822540088,2025,21.9008483431459,0.780991516568541,2023,10122800,1.4709381175650018
ITA,Italy,europe,7.913824391194394,8.039482990737882,0.12565859954348824,0.8025249580384533,33,35,0.8387731018518519,0.8015826496805665,0.8856556015286393,0.8236182109371611,0.9266700000000001,0.838948368945869,0.7102857142857142,0.6833852665852664,0.6262233503409993,0.6136133817016184,0.8518518518518519,8,0,0,0.5714285714285714,0.5757834757834758,0.7741985407362904,0.7741985407362904,0.7741985407362905,1.712,0.7626666666666667,2026,1.664,0.8340000000000001,2.494,0.6265,0.568072449338316,0.9905321258443613,2023,0,1,2025,14.291805636343,0.85708194363657,2023,58915656,1.4949252022171589
JAM,Jamaica,americas,7.359013440000684,6.938353706737409,-0.42065973326327466,0.8018870370076703,103,71,0.8278175000000001,0.7825585136452243,0.49625810165977274,0.4981125621934063,0.78018,0.7114718055555556,0.7589285714285715,0.7082123015873016,0.7692127254286487,0.703246349627042,0.8229166666666666,10,0,0,0.625,0.5053472222222222,0.6684266046059388,0.5921571174082281,0.6484844011232399,1.919,0.6936666666666667,2026,2.384,0.654,1.792,0.802,49.4403451527686,0.1759942474538566,2023,0,1,2025,21.6535070203861,0.783464929796139,2023,2837077,1.4012208119846814
JEY,Jersey,europe,6.205096827573794,5.626512219952298,-0.5785846076214956,0,193,182,,0.5,,0.5,,0.5,,0.5,,0.5,,0,0,0,0,0.5,0.5,0.5,0.49999999999999994,,,,,,,,,,,,,,,,,,
JOR,Jordan,middle_east,7.3909772112753345,7.414378234643211,0.023401023367876306,0.8024892040855856,77,66,0.7880867361111111,0.7390604352503913,0.8233819341690318,0.7463110093124107,0.77399,0.6904925,0.652357142857143,0.6098857142857144,0.7409849490446558,0.6657387117834919,0.6777777777777777,9,0,0,0.6,0.44,0.7027217432757344,0.7027217432757344,0.7027217432757344,1.913,0.6956666666666667,2026,2.022,0.7445,1.783,0.80425,0.987830151085125,0.9835361641485812,2023,0,1,2025,32.6320116469358,0.673679883530642,2023,11520684,1.4744042241903288
JPN,Japan,asia,8.127835106495393,8.175544174080551,0.04770906758515814,0.8025514674022356,25,23,0.8966319290123458,0.8428645505985786,0.9491596574166942,0.8625696312411749,0.85904,0.7733849382716049,0.8799285714285714,0.8072268077601411,0.5293535732091097,0.5261201181784372,0.9012345679012346,8,0,0,0.5714285714285714,0.5164197530864197,0.7897922118167806,0.7897922118167806,0.7897922118167806,1.489,0.837,2026,1.296,0.9259999999999999,1.794,0.8015,0.229153196964695,0.9961807800505884,2023,0,1,2025,11.4519383176575,0.885480616823425,2023,123366734,1.4975721620998739
KAZ,Kazakhstan,asia,7.164510016490827,7.242213391997225,0.07770337550639805,0.8024327898303294,84,87,0.8705412191358026,0.8208394660637717,0.803899275141706,0.7467723040438815,0.83334,0.7547747056030389,0.36692857142857144,0.39735862162528834,0.6023918816563164,0.5815636168452762,0.9135802469135803,8,0,0,0.5714285714285714,0.5190788224121557,0.6830855618100292,0.6830855618100292,0.6830855618100292,1.771,0.7430000000000001,2026,2.087,0.72825,1.75,0.8125,2.55058633787163,0.9574902277021395,2022,0,1,2025,19.5961413356991,0.804038586643009,2023,20843754,1.485743988453771
KEN,Kenya,africa,6.4704146041161605,6.10813567630492,-0.36227892781124016,0.8026944610074607,164,160,0.590312104027361,0.5652681457136483,0.6504333235404826,0.6027971516976331,0.52018,0.49326000000000003,0.5368571428571428,0.5119857142857143,0.6667963559635106,0.6032222669726329,0.5555555555555555,9,0,0,0.6,0.4125,0.5543330139752035,0.5543330139752035,0.5543330139752035,2.447,0.5176666666666667,2026,2.927,0.51825,1.768,0.808,4.87166844718499,0.9188055258802501,2022,44,0.6225739826374004,2025,20.252365609383,0.7974763439061701,2023,57532493,1.4948036195145773
KGZ,Kyrgyzstan,asia,6.666271225949444,7.209306696687794,0.5430354707383502,0.8017419518452411,90,133,0.8440402083333334,0.7944370616883117,0.8150171130570059,0.7508670562603235,0.7758800000000001,0.7061145454545457,0.4024285714285714,0.4213064935064935,0.6700829311500125,0.6267667438170548,0.85,6,0,0,0.5,0.4968181818181818,0.6793349531518521,0.6793349531518521,0.679334953151852,1.853,0.7156666666666667,2026,2.047,0.73825,1.741,0.81475,1.74734308054439,0.9708776153242602,2020,0,1,2025,20.1239014514257,0.798760985485743,2023,7343064,1.4602283634342754
KHM,Cambodia,asia,6.401230772136164,6.0333887754886435,-0.3678419966475204,0.8027279588233147,167,172,0.5944698403491799,0.5738673038337537,0.8007131705548429,0.7298703751318961,0.72634,0.6566741919191919,0.18957142857142856,0.24119249639249637,0.563898084360673,0.5348427551896966,0.5757575757575758,10,0,0,0.625,0.4476767676767677,0.5458861161996565,0.5458861161996565,0.5458861161996565,2.075,0.6416666666666666,2026,2.13,0.7175,1.919,0.77025,1.82033262639221,0.9696611228934632,2011,175,0.48735271715616224,2025,19.4262068786841,0.805737931213159,2023,17847982,1.4833776429963195
KIR,Kiribati,oceania,7.299230787128737,7.6089980850123045,0.3097672978835675,0.620885465391056,59,76,1,0.8913630229419702,0.8812534881787848,0.6800886116045012,0.73481,0.690530576923077,0.53,0.5438461538461539,0.8488503745370801,0.776060857825887,1,8,0,0,0.5714285714285714,0.5576923076923077,0.7249454522666392,0.7249454522666392,0.7249454522666391,,,,,,,,7.12479070927292,0.8812534881787847,2012,0,1,2025,3.86704654760796,0.9613295345239204,2023,136488,0.60843774517962
KNA,Saint Kitts and Nevis,americas,7.118770003516881,6.545219382414585,-0.5735506211022958,0.5804537432438821,131,91,0.9682539682539683,0.8545238095238095,0,0.39946831387256215,0.87059,0.7812758333333333,0.58,0.5466666666666666,0.8674405480457248,0.778913744367627,0.9365079365079365,6,0,0,0.5,0.5133333333333333,0.6430667256687731,0.4998996291822841,0.6038272835274224,,,,,,,,64.1601437187219,0,2023,0,1,2025,8.87073187526288,0.9112926812473712,2023,46922,0.28504143008723404
KOR,South Korea,asia,7.973410850928993,8.016900608056716,0.043489757127722406,0.8018048574909191,34,33,0.8737310416666667,0.8225082775054466,0.9045798152587834,0.8270742237099474,0.84278,0.76146,0.8545,0.7871,0.5392136475624628,0.5337852356718471,1,5,0,0,0.45454545454545453,0.5175,0.7716116322924371,0.7716116322924371,0.7716116322924371,1.839,0.7203333333333333,2026,1.554,0.8614999999999999,2.233,0.69175,0.477306316584835,0.992044894723586,2023,0,1,2025,21.8940234142942,0.7810597658570579,2023,51684564,1.4942179334878867
KWT,Kuwait,middle_east,7.401389543547612,7.230926980520032,-0.17046256302758067,0.8021471139603011,87,63,0.7660988888888889,0.7173525665101721,0.8825475449985274,0.7889290969226705,0.80481,0.7086075000000001,0.5838571428571429,0.5510857142857143,0.550350591715478,0.5177629437866085,0.5888888888888888,9,0,0,0.6,0.42,0.6817990766748441,0.6817990766748441,0.6817990766748442,1.813,0.7290000000000001,2026,1.693,0.82675,2.068,0.733,0.249991818449578,0.9958334696925071,2020,0,1,2025,62.3484361793193,0.376515638206807,2023,4865298,1.4407734747294236
LAO,Laos,asia,6.96481122738576,6.689639738712379,-0.27517148867338115,0.7813179074446681,125,108,0.8245924462365591,0.7780460317280024,0.71175,0.6495679723502304,0.71784,0.6619082258064517,0.3294642857142857,0.3623940092165899,0.56885373125902,0.5501685242507166,0.7849462365591399,9,0,0,0.6,0.4941129032258065,0.6202175050092011,0.6202175050092011,0.6202175050092013,1.846,0.718,2026,2.153,0.71175,1.812,0.7969999999999999,,,,0,1,2025,25.9762899979383,0.7402371000206169,2023,7873046,
LBN,Lebanon,middle_east,5.154518558329426,4.818373426316168,-0.33614513201325735,0.8022455957327823,226,229,0.41919562131311605,0.40592863239577576,0.7246793155751594,0.6439426819370834,0.53566,0.482995,0.2601428571428571,0.2731142857142857,0.7613350168841393,0.6522512626631045,0.16666666666666666,9,0.6333333333333333,0.37999999999999995,0.6,0.325,0.46604557748136743,0.46604557748136743,0.4093744352596332,2.435,0.5216666666666667,2026,2.57,0.6075,2.008,0.748,2.24466989542556,0.9625888350762407,2020,347,0.4197611475468427,2025,26.6948532836253,0.733051467163747,2023,5849421,1.450408477108801
LBR,Liberia,africa,6.656122626884901,6.505338971225325,-0.15078365565957608,0.8022355105985783,136,134,0.8123570833333333,0.76378566314554,0.7063109784101165,0.6580606833936598,0.57234,0.54613,0.33364285714285713,0.3604142857142857,0.6330973304801402,0.5916979978601051,0.7999999999999999,9,0,0,0.6,0.4675,0.5993043816197341,0.5993043816197341,0.5993043816197341,2.024,0.6586666666666667,2026,2.652,0.587,1.706,0.8235,3.08709483452429,0.9485484194245951,2012,0,1,2025,17.9178293051068,0.820821706948932,2023,5731206,1.4494200673522384
LBY,Libya,africa,4.98090049207932,4.895700512267883,-0.08519997981143668,0.7813179074446681,224,230,0.5686835416666667,0.5336576907276995,0.58625,0.5101785714285715,0.77678,0.662585,0.15649999999999997,0.18919999999999998,0.7943115943014025,0.6757336957260519,0.09999999999999999,9,0.7,0.42,0.6,0.32,0.4829180435104971,0.4829180435104971,0.4180138584626863,2.361,0.5463333333333333,2026,2.655,0.58625,2.093,0.72675,,,,0,1,2025,20.014492731108,0.79985507268892,2023,7458555,
LCA,Saint Lucia,americas,7.119309485803064,6.753070663113741,-0.36623882268932295,0.6295868741155481,120,90,0.9710144927536233,0.8593960202438465,0.34926518094611336,0.44920604521115604,0.82162,0.7462768961352657,0.55,0.5351237922705314,0.8450116690967587,0.7638206479578347,0.9420289855072465,7,0,0,0.5384615384615384,0.5202475845410628,0.6539080402417011,0.5542277880728318,0.6274217680172073,,,,,,,,39.0440891432332,0.34926518094611336,2023,0,1,2025,10.4259042064551,0.895740957935449,2023,180149,0.7108357512449066
LIE,Liechtenstein,europe,7.770294985938516,7.981551199712257,0.2112562137737406,0.5521619026413204,36,42,0.9866666666666666,0.8916959064327485,0.9146262336509237,0.663990084326888,0.95,0.8333333333333334,0.8300000000000001,0.7150000000000001,0.7511111111111111,0.7007407407407408,0.9733333333333333,8,0,0,0.5714285714285714,0.6,0.7717396685483411,0.7551677505902363,0.7675629033625228,,,,,,,,5.12242598094458,0.9146262336509237,2021,0,1,2025,,,,41024,0.25531067445565586
LKA,Sri Lanka,asia,7.312171426647727,7.500554180393507,0.18838275374578028,0.8026094675469699,68,75,0.8153839045698925,0.7701344677608662,0.7933523278853156,0.7333404461916347,0.78109,0.7093457258064516,0.6291071428571429,0.6021082949308756,0.7451128920633618,0.6823628948539731,0.7849462365591396,9,0,0,0.6,0.4941129032258064,0.7125587885876687,0.7125587885876687,0.7125587885876687,1.91,0.6966666666666668,2026,2.125,0.71875,1.891,0.77725,3.31094038448808,0.944817660258532,2019,0,1,2025,22.6820308390395,0.773179691609605,2023,21756000,1.4863363089815995
LSO,Lesotho,africa,7.045358025990929,6.811585943428876,-0.2337720825620524,0.8016963307222447,113,98,0.793560625,0.7471934417641325,0.5670739227828004,0.5458000679048548,0.7403,0.6710236111111111,0.5478928571428572,0.5309531746031746,0.7662088491152019,0.6904552479475126,0.7708333333333333,10,0,0,0.625,0.46319444444444446,0.6372470869902299,0.6246360856597641,0.6340706657010599,2.016,0.6613333333333333,2026,2.329,0.66775,2.115,0.72125,38.2397413122181,0.3626709781296983,2008,0,1,2025,26.4379773450967,0.735620226549033,2023,2363325,1.3829645089873503
LTU,Lithuania,europe,8.261958690152845,8.354689968715423,0.09273127856257801,0.8015852577893754,19,18,0.9054291666666667,0.8622371632996633,0.9028021026057611,0.8410419804128205,0.90054,0.825405,0.7528214285714286,0.7222571428571429,0.736113328147463,0.7020849961105973,1,8,0,0,0.5714285714285714,0.6,0.810342477471129,0.810342477471129,0.810342477471129,1.62,0.7933333333333333,2026,1.494,0.8765000000000001,1.956,0.761,2.62779952622526,0.956203341229579,2023,0,1,2025,10.7455249948656,0.892544750051344,2023,2888774,1.4028740853166983
LUX,Luxembourg,europe,7.9010353094982,8.663663205713814,0.7626278962156139,0.705068302168645,4,36,0.9855072463768114,0.8890988037727167,0.9744889824292866,0.7994825985385071,0.9400200000000001,0.8540563647342996,0.9349285714285714,0.8671759489302968,0.8668691937189388,0.7991932600235035,0.9710144927536232,7,0,0,0.5384615384615384,0.5961654589371981,0.8465757679249613,0.8436139548372055,0.845834341215027,,,,,,,,1.5306610542428,0.9744889824292866,2022,0,1,2025,7.42989857852829,0.9257010142147171,2023,686970,1.1617698456543062
LVA,Latvia,europe,8.441568365855584,8.523881575266838,0.08231320941125375,0.8010665400295944,11,13,0.9156477083333334,0.8710106586700337,0.8928025016309002,0.8324743906126327,0.93945,0.8545875,0.8782499999999999,0.8225999999999999,0.7061967719738046,0.6796475789803534,1,8,0,0,0.5714285714285714,0.6,0.829770043568784,0.829770043568784,0.829770043568784,1.589,0.8036666666666666,2026,1.558,0.8605,1.713,0.82175,2.49681788529087,0.9583863685784855,2023,0,1,2025,13.0121664059875,0.869878335940125,2023,1847785,1.353500245387089
MAC,Macao,asia,6.267247218105594,6.231479594972921,-0.03576762313267334,0.22004644395948747,157,181,0.8222222222222222,0.5778659611992946,0.9906617743702592,0.7544503130597789,,0.4801234567901234,,0.4801234567901234,,0.4801234567901234,0.8222222222222222,4,0,0,0.4,0.4801234567901234,0.5682829296674269,0.5682829296674269,0.5682829296674269,,,,,,,,0.560293537784445,0.9906617743702593,2023,,,,,,,685900,1.1613613274635963
MAF,Saint Martin,americas,6.0273192176074115,5.324405842794028,-0.7029133748133836,0.07315003192269942,206,196,1,0.5118836805555556,0.5516700291414482,0.45776995180658236,,0.4421527777777778,,0.4421527777777778,,0.4421527777777778,1,1,0,0,0.14285714285714285,0.4421527777777778,0.4660373957111917,0.4660373957111917,0.4660373957111917,,,,,,,,26.8997982515131,0.5516700291414482,2016,,,,,,,24941,0.1663169453323316
MAR,Morocco,africa,7.029493876279101,7.122927746245017,0.0934338699659154,0.8026686997674555,94,101,0.7965111805555556,0.7466504508998436,0.8239599738982468,0.7475493006559487,0.76557,0.6848025,0.45825,0.4551,0.6855308021163339,0.6247731015872504,0.6888888888888888,9,0,0,0.6,0.4425,0.6694936844146797,0.6694936844146797,0.6694936844146797,1.887,0.7043333333333333,2026,1.995,0.75125,1.695,0.8262499999999999,1.70500474577332,0.9715832542371113,2023,0,1,2025,18.7206508843713,0.8127934911562871,2023,38430770,1.4922341698081607
MCO,Monaco,europe,7.459255034431239,7.729870671736164,0.27061563730492466,0.42491390846879157,52,58,0.9600000000000001,0.8692361673414305,0.9486341829239479,0.6600876056470442,0.9865,0.7884807692307692,,0.5904615384615384,0.8862201782021809,0.7383408583318596,0.9199999999999998,8,0,0,0.5714285714285714,0.5904615384615384,0.7387617210589473,0.7387617210589473,0.7387617210589473,,,,,,,,3.08194902456313,0.9486341829239479,2001,0,1,2025,11.3779821797819,0.886220178202181,2023,38341,0.2412992309338301
MDA,Moldova,europe,7.441368620574717,7.461846655786082,0.020478035211365153,0.8016949897487926,72,59,0.7925793750000001,0.755268039717349,0.7952302091980294,0.7402428895256401,0.76095,0.7023965277777777,0.6288928571428571,0.6084615079365079,0.713365224039729,0.6667079458075745,0.6145833333333334,10,0,0,0.625,0.5267361111111111,0.7081396206815089,0.7081396206815089,0.7081396206815088,1.836,0.7213333333333334,2026,2.139,0.71525,1.293,0.92675,2.54314378217647,0.9576142702970588,2023,0,1,2025,14.9450916480619,0.850549083519381,2023,2360527,1.3828366191803485
MDG,Madagascar,africa,6.4867051351772735,6.259835478637651,-0.22686965653962243,0.7813179074446681,156,157,0.8290359027777778,0.7774111277386542,0.704,0.6349999999999999,0.63344,0.590705,0.20360714285714285,0.25538571428571427,0.574646985552393,0.5466102391642947,0.7777777777777776,9,0,0,0.6,0.46249999999999997,0.5714918651221559,0.5714918651221559,0.5714918651221559,1.849,0.7170000000000001,2026,2.184,0.704,1.571,0.8572500000000001,,,,0,1,2025,12.3865755564591,0.876134244435409,2023,32740678,
MDV,Maldives,asia,7.040208669540728,7.897566082981344,0.8573574134406154,0.7021466827882512,43,99,0.8944444444444445,0.797018970189702,0.9897484474023591,0.752897353964688,0.9091400000000001,0.8056050000000001,0.6640357142857143,0.6302285714285715,0.8667894163381941,0.7738420622536456,0.7888888888888889,9,0,0,0.6,0.495,0.7579471376981851,0.7579471376981851,0.7579471376981851,,,,,,,,0.615093155858455,0.9897484474023591,2019,0,1,2025,11.1624191226985,0.888375808773015,2023,529676,1.0888586167011112
MEX,Mexico,americas,6.160518074796557,5.887483813439336,-0.2730342613572212,0.8027237665527898,181,189,0.5956958518197978,0.5783443233944742,0.5425130283598145,0.5285040620545086,0.54111,0.5239575,0.4575714285714286,0.46055714285714283,0.5267064189815465,0.5131548142361598,0.6888888888888889,9,0,0,0.6,0.4725,0.5294130067253771,0.5294130067253771,0.5294130067253771,2.65,0.45000000000000007,2026,2.915,0.52125,1.738,0.8155,24.8589948436701,0.5856834192721649,2023,65,0.5846007604675316,2025,16.6099613756465,0.833900386243535,2023,131946900,1.4977297991856033
MHL,Marshall Islands,oceania,7.258276763804001,7.537530003999704,0.2792532401957031,0.5725168862887513,64,79,0.9743589743589746,0.86720288970289,0.9301356416517331,0.6143486815061187,0.85007,0.772955811965812,0.58,0.560806623931624,0.838305513955216,0.764132447432224,0.9487179487179488,7,0,0,0.5384615384615384,0.5416132478632479,0.7191338228527469,0.7097697089618884,0.7167812754833474,,,,,,,,4.19186150089601,0.9301356416517331,1994,0,1,2025,4.10159681023633,0.9589840318976367,2023,36282,0.2303307065286395
MKD,North Macedonia,europe,7.740031986451504,7.594871023649591,-0.1451609628019126,0.8006129544293707,60,43,0.884149375,0.8429072564935066,0.8393354755489337,0.78906683314318,0.86448,0.7972236363636365,0.36996428571428575,0.41506233766233774,0.7301766644000043,0.6964961346636396,1,6,0,0,0.5,0.5954545454545455,0.7233313503674396,0.7233313503674396,0.7233313503674396,1.792,0.736,2026,1.909,0.77275,2.045,0.73875,1.52854990019388,0.974524168330102,2023,0,1,2025,21.8117148685703,0.781882851314297,2023,1820909,1.3515519501372897
MLI,Mali,africa,4.372435780739501,3.6893624099752937,-0.6830733707642072,0.7814661654135338,245,244,0.27875587327109014,0.28454452263655117,0.43300000000000005,0.40071428571428575,0.36840000000000006,0.35630000000000006,0.3448928571428571,0.3399142857142857,0.5127073029770055,0.46453047723275415,0.05208333333333333,10,0.84375,0.52734375,0.625,0.32,0.34972266060552665,0.3192251741334122,0.2841507271463241,2.996,0.33466666666666667,2026,3.268,0.43300000000000005,1.962,0.7595000000000001,,,,1989,0.2468766307300837,2025,35.5240450338273,0.644759549661727,2023,25198821,
MLT,Malta,europe,7.8221214170351985,8.428789609094643,0.6066681920594448,0.703639292182185,17,40,1,0.902439024390244,0.9906183624914627,0.8059496627667114,0.89073,0.8180475,0.7123571428571428,0.6898857142857142,0.8995868602807441,0.8246901452105581,1,9,0,0,0.6,0.6,0.8188487630396841,0.8188487630396841,0.818848763039684,,,,,,,,0.562898250512237,0.9906183624914627,2023,0,1,2025,10.8087176501156,0.891912823498844,2023,579704,1.1152386033674317
MMR,Myanmar,asia,4.820460634663258,4.238242684979957,-0.5822179496833009,0.802521202844924,233,234,0.3081778700327771,0.3156429244927087,0.613316944101326,0.5627917815177763,0.45868999999999993,0.43425911735700196,0.18360714285714286,0.21907900817131587,0.44585238930035925,0.42463090933227143,0.17948717948717946,8,0.46153846153846156,0.26373626373626374,0.5714285714285714,0.36096646942800786,0.3791288369670816,0.36905130933951147,0.3448019160632371,2.911,0.363,2026,3.224,0.44399999999999995,2.367,0.65825,2.57510107248619,0.9570816487918968,2023,2309,0.23209226705845287,2025,35.0665284656219,0.649334715343781,2023,54850648,1.4945504728663686
MNE,Montenegro,europe,8.03102697202957,8.137844564451056,0.10681759242148559,0.7988152955477466,27,30,0.8943601867816093,0.8529010055447629,0.858811893388388,0.8029797667117998,0.88384,0.8128799999999999,0.6495357142857143,0.6396285714285714,0.783635897096331,0.7377269228222483,0.9540229885057472,9,0,0,0.6,0.6,0.7854702989616512,0.7854702989616512,0.7854702989616512,1.672,0.776,2026,1.817,0.79575,1.69,0.8275,0.789201202111271,0.9868466466314788,2023,0,1,2025,18.4546520922672,0.815453479077328,2023,623129,1.1355370786353052
MNG,Mongolia,asia,7.396053748854346,7.367495547491688,-0.02855820136265752,0.8017669094240565,81,64,0.8952758410493828,0.8428283226675589,0.7751773088704397,0.7242098664258513,0.8381399999999999,0.7597042402659068,0.46321428571428575,0.4754508207841542,0.5425988674395997,0.5380483908456067,0.9382716049382717,8,0,0,0.5714285714285714,0.5243969610636278,0.6973723589757521,0.6973723589757521,0.6973723589757521,1.692,0.7693333333333333,2026,2.148,0.713,1.423,0.89425,5.91503475082916,0.9014160874861806,2023,0,1,2025,42.6916874423772,0.573083125576228,2023,3568978,1.4204028253813101
MNP,Northern Mariana Islands,oceania,5.78939212004258,5.3117775190267,-0.4776146010158797,0.05,207,209,,0.45,,0.45,,0.45,,0.45,0.9284115854885018,0.6892057927442509,,0,0,0,0,0.45,0.4695979088469923,0.45000000000000007,0.4646198327775259,,,,,,,,,,,,,,2.67817942323547,0.9732182057676453,2023,43541,
MOZ,Mozambique,africa,5.988858044410319,5.583379605018273,-0.40547843939204675,0.8026626135847106,197,200,0.5328958293397464,0.5162907829538667,0.6829425116307053,0.629264125000376,0.43764000000000003,0.43198000000000003,0.32817857142857143,0.34554285714285715,0.5824741098669477,0.5406055824002107,0.5666666666666667,9,0,0,0.6,0.41500000000000004,0.49514525712109253,0.49514525712109253,0.49514525712109253,2.383,0.5389999999999999,2026,2.775,0.55625,1.635,0.84125,3.58999788532633,0.9401667019112279,2011,585,0.36809299168957066,2025,13.7216828951578,0.862783171048422,2023,35631653,1.4916275143655806
MRT,Mauritania,africa,5.947876336199097,5.95817261868561,0.010296282486512709,0.80219653125575,172,204,0.6710109027777778,0.6300234516823161,0.7295151566259744,0.6588432651901279,0.6818900000000001,0.6064175,0.24521428571428572,0.27217142857142856,0.494056380698031,0.4655422855235233,0.4111111111111111,9,0.03333333333333333,0.02,0.6,0.38,0.5408529227073612,0.5408529227073612,0.5373914640020341,2.184,0.6053333333333333,2026,2.582,0.6045,2.239,0.69025,0.999971522550119,0.983333807957498,2020,0,1,2025,46.5013986975929,0.534986013024071,2023,5315065,1.4456035422973257
MSR,Montserrat,americas,6.72522285575677,6.194195855804078,-0.531026999952692,0.09999999999999999,160,128,0.9824561403508772,0.6755555555555556,,0.5221052631578947,,0.5221052631578947,,0.5221052631578947,,0.5221052631578947,0.9824561403508772,6,0,0,0.5,0.5221052631578947,0.5640647636463737,0.5640647636463737,0.5640647636463737,,,,,,,,,,,,,,,,,,
MTQ,Martinique,americas,6.509568535982877,5.957414872475341,-0.5521536635075366,0.09375,173,153,0.9111111111111111,0.6298090277777777,,0.5019444444444444,,0.5019444444444444,,0.5019444444444444,,0.5019444444444444,0.9111111111111111,5,0,0,0.45454545454545453,0.5019444444444444,0.5373059139499572,0.5373059139499572,0.5373059139499571,,,,,,,,,,,,,,,,,,
MUS,Mauritius,africa,7.840814548897814,7.816035475474432,-0.02477907342338259,0.8004077217944952,49,37,0.8876255169753087,0.8297612583275776,0.8039212684841155,0.736002925735869,0.81264,0.729090636277303,0.6921785714285714,0.6494313661646995,0.8384827668645396,0.7484727114257076,0.8641975308641975,8,0,0,0.5714285714285714,0.4784425451092118,0.74861706288117,0.74861706288117,0.74861706288117,1.586,0.8046666666666666,2026,2.096,0.726,1.369,0.9077500000000001,2.27249663925174,0.962125056012471,2022,0,1,2025,14.0610818595338,0.859389181404662,2023,1243741,1.2922064968716689
MWI,Malawi,africa,7.08284139948789,7.0462433997350455,-0.0365979997528445,0.8027605453992253,98,95,0.8011654166666667,0.7537308942495127,0.7796845730850996,0.7162166662888902,0.65928,0.6102586111111111,0.5251785714285715,0.5127817460317461,0.6777510439198147,0.6241118940509721,0.7708333333333333,10,0,0,0.625,0.46319444444444446,0.6607617784325062,0.6607617784325062,0.6607617784325062,1.994,0.6686666666666667,2026,2.257,0.68575,1.93,0.7675000000000001,1.77598671180007,0.9704002214699988,2012,0,1,2025,16.7211601349048,0.832788398650952,2023,22216120,1.4866167740001393
MYS,Malaysia,asia,7.656848875539029,7.705757848670064,0.04890897313103526,0.8026634174231051,53,48,0.9133711111111111,0.8583188419405321,0.8423627916310739,0.7782839602355914,0.79823,0.7292974999999999,0.5776428571428571,0.5666142857142857,0.6371916112761228,0.6085187084570921,0.9111111111111111,9,0,0,0.6,0.5225,0.7360046876038636,0.7360046876038636,0.7360046876038636,1.513,0.8290000000000001,2026,1.917,0.77075,1.204,0.9490000000000001,0.734492430713877,0.987758459488102,2023,0,1,2025,15.8650142432827,0.841349857567173,2023,35977838,1.491707630511254
MYT,Mayotte,africa,6.139473270298334,5.555727856657828,-0.5837454136405054,0.08571428571428573,199,190,0.8787878787878788,0.578884078884079,,0.45892255892255895,,0.45892255892255895,,0.45892255892255895,0.8000000000000002,0.45892255892255895,0.8787878787878788,4,0,0,0.4,0.45892255892255895,0.4920339458397765,0.4920339458397765,0.4920339458397765,,,,,,,,,,,,,,,,,,
NAM,Namibia,africa,7.382126161345964,7.413399890867716,0.031273729521752,0.8016477740468466,78,69,0.8297235648148149,0.7785433409954244,0.708379706202706,0.6593720257701168,0.75755,0.6851140669515668,0.7558928571428571,0.6982755392755393,0.7007904966949193,0.6425444394727564,0.8148148148148148,8,0,0,0.5714285714285714,0.46780626780626783,0.7026100961108304,0.7026100961108304,0.7026100961108304,1.872,0.7093333333333334,2026,2.373,0.65675,1.826,0.7935,11.2077806904171,0.813203655159715,2021,0,1,2025,14.2253008498779,0.857746991501221,2023,3092816,1.408892570978761
NCL,New Caledonia,oceania,6.30711177648747,6.170069631623383,-0.13704214486408706,0.21177839078897936,163,177,0.7333333333333332,0.5666145833333333,0.9481696433488371,0.7067480082153322,,0.49083333333333334,,0.49083333333333334,0.9,0.49083333333333334,0.7333333333333332,5,0,0,0.45454545454545453,0.49083333333333334,0.5613358695287731,0.5613358695287731,0.5613358695287731,,,,,,,,3.10982139906977,0.9481696433488371,2009,,,,,,,295333,0.894346833342418
NER,Niger,africa,4.866099971218576,4.14294694144778,-0.7231530297707955,0.8027878148209413,235,233,0.3320032855234848,0.33031861387106587,0.6638168780783147,0.5949064560805939,0.29677000000000003,0.30257750000000005,0.4277142857142857,0.4061714285714285,0.4829933186296931,0.4422449889722698,0.11458333333333333,10,0.78125,0.48828125,0.625,0.32,0.39933015655748894,0.3867014328502059,0.3342387607950915,2.832,0.3893333333333334,2026,2.862,0.5345,1.902,0.7745,4.41784034939735,0.9263693275100442,2012,1111,0.30457869829815976,2025,65.2302894952218,0.34769710504778206,2023,27917831,1.489330613730483
NFK,Norfolk Island,oceania,5.78939212004258,5.181446289511495,-0.6079458305310848,0,211,209,,0.45,,0.45,,0.45,,0.45,,0.45,,0,0,0,0,0.45,0.45,0.45,0.45000000000000007,,,,,,,,,,,,,,,,,,
NGA,Nigeria,africa,5.242465781088458,4.614039243596963,-0.628426537491495,0.802733856211578,229,227,0.4040465501767569,0.40065971212369256,0.5866007554715755,0.5452701729715191,0.25026000000000004,0.28269500000000003,0.28375000000000006,0.30300000000000005,0.436407833909402,0.42230587543205156,0.41111111111111115,9,0.03333333333333333,0.02,0.6,0.38,0.38907055988996253,0.38907055988996253,0.3865805083066668,2.755,0.41500000000000004,2026,2.951,0.51225,1.747,0.81325,15.7466808233499,0.737555319610835,2023,2615,0.21975826452016312,2025,65.740618883028,0.34259381116972,2023,237527782,1.4987380524166083
NIC,Nicaragua,americas,5.9975147028273215,5.932700377599093,-0.0648143252282285,0.8024750097822178,175,199,0.7814097916666667,0.7395939924463937,0.6657372420230523,0.628978231819361,0.7245199999999999,0.6642580555555555,0.069,0.15189444444444444,0.6044208827910696,0.5741837176488578,0.7291666666666666,10,0,0,0.625,0.4834722222222222,0.5345159301595234,0.5345159301595234,0.5345159301595234,2.107,0.631,2026,2.623,0.59425,1.779,0.80525,11.3473196321723,0.8108780061304617,2021,0,1,2025,20.4180839334698,0.795819160665302,2023,7007502,1.4583767024969263
NIU,Niue,oceania,6.908968698372365,6.397465404377943,-0.511503293994422,0.09999999999999999,146,113,1,0.6969696969696969,,0.5454545454545454,,0.5454545454545454,,0.5454545454545454,,0.5454545454545454,1,6,0,0,0.5,0.5454545454545454,0.587077132754496,0.587077132754496,0.587077132754496,,,,,,,,,,,,,,,,,,
NLD,Netherlands,europe,8.060579555109294,8.199197569689083,0.13861801457978906,0.8022124639047741,23,27,0.8566378894927537,0.8154269230121961,0.9169725880529415,0.8466626074149133,0.89339,0.8116865217391305,0.8548928571428571,0.79722950310559,0.5880543653213579,0.5826847957301489,0.8260869565217391,7,0,0,0.5384615384615384,0.5665760869565217,0.79250433905018,0.79250433905018,0.79250433905018,1.566,0.8113333333333334,2026,1.473,0.88175,2.169,0.70775,0.690893081283378,0.9884851153119437,2023,0,1,2025,8.58757364083248,0.9141242635916752,2023,18087633,1.4835954713220678
NOR,Norway,europe,8.54030174300254,8.562332288320441,0.022030545317900163,0.8020540973747794,9,9,0.8739334182098766,0.8351953590690859,0.9553113912267014,0.8835077057343323,0.90535,0.8290125,0.9179999999999999,0.8543999999999998,0.7377188277773284,0.7032891208329963,0.9876543209876544,8,0,0,0.5714285714285714,0.6,0.8341877324443571,0.8341877324443571,0.8341877324443571,1.688,0.7706666666666667,2026,1.243,0.9392499999999999,2.689,0.57775,0.724747049690651,0.9879208825051559,2023,0,1,2025,5.52141079375347,0.9447858920624653,2023,5610870,1.448372618902161
NPL,Nepal,asia,6.982684218433396,6.887136966286895,-0.09554725214650084,0.8027939240151651,107,106,0.7812683333333335,0.7398135185185186,0.7464147728508597,0.6942073220335426,0.72291,0.6636581944444444,0.49846428571428575,0.49595198412698416,0.47866533007402856,0.4804746919999659,0.7395833333333333,10,0,0,0.625,0.48590277777777774,0.6426594012998432,0.6426594012998432,0.6426594012998432,2.143,0.619,2026,2.444,0.639,1.748,0.813,2.13004129984372,0.9644993116692714,2020,0,1,2025,53.2003436952498,0.46799656304750203,2023,29618118,1.4899390028572561
NRU,Nauru,oceania,7.377317621342991,7.339207449052505,-0.03811017229048552,0.5263157894736843,82,70,0.98,0.8741592442645073,,0.549076923076923,0.88503,0.8010417307692308,0.53,0.5395384615384615,0.9256277478111933,0.8314900416276256,0.96,8,0,0,0.5714285714285714,0.549076923076923,0.7077918525388125,0.6547646396074257,0.6941454378761933,,,,,,,,,,,0,1,2025,4.83857913426453,0.9516142086573547,2023,12025,
NZL,New Zealand,oceania,8.43237565971225,8.498333045314547,0.06595738560229769,0.8018280711943451,13,14,0.9510527083333334,0.8943685348360656,0.9087142821225942,0.8366049622047201,0.8453700000000001,0.7720483333333334,0.9249642857142857,0.8503880952380951,0.7461439403107512,0.6976287885663968,1,7,0,0,0.5384615384615384,0.5520833333333334,0.8268352353541046,0.8268352353541046,0.8268352353541046,1.343,0.8856666666666667,2026,1.497,0.87575,1.409,0.89775,1.46149415952832,0.9756417640078613,2022,0,1,2025,6.88138507182829,0.9311861492817171,2023,5324700,1.4456984089633826
OMN,Oman,middle_east,7.502840650065486,7.446132022613296,-0.056708627452190186,0.802214062809963,74,55,0.8089513888888888,0.7594511932707354,0.8689225133905523,0.7857618188927508,0.8006300000000001,0.7148475000000001,0.6181785714285715,0.5860428571428572,0.597506060022694,0.5625045450170205,0.7555555555555554,9,0,0,0.6,0.4575,0.7063458239023458,0.7063458239023458,0.7063458239023458,1.85,0.7166666666666666,2026,1.778,0.8055,2.06,0.735,0.138633928990513,0.9976894345168248,2023,0,1,2025,46.8557577090985,0.531442422909015,2023,5494691,1.4473193541142093
PAK,Pakistan,asia,5.480435281574558,4.854079704946608,-0.62635557662795,0.8028829887012858,225,224,0.36666541760158533,0.3738488287764115,0.6749932108313665,0.6235519291603963,0.39139999999999997,0.39801180555555554,0.29453571428571423,0.31919801587301583,0.31187687462258085,0.3383694615224912,0.4479166666666666,10,0.03125,0.01953125,0.625,0.4178472222222222,0.41596261368175225,0.41596261368175225,0.41336284734624124,2.919,0.3603333333333333,2026,2.798,0.5505,2.574,0.6065,4.33487075793336,0.927752154034444,2023,3308,0.1964583366723287,2025,58.3745179541935,0.41625482045806494,2023,255219554,1.498825461890831
PAN,Panama,americas,7.2973249392159305,7.235290743154303,-0.06203419606162708,0.8022579549172026,85,77,0.8256450000000002,0.7806909259259261,0.6761523860691954,0.6415562907357295,0.7570300000000001,0.6941093055555556,0.55925,0.5484694444444445,0.7811959044704364,0.7122337339083828,0.8229166666666667,10,0,0,0.625,0.5053472222222222,0.6822964700174875,0.6822964700174875,0.6822964700174875,1.976,0.6746666666666667,2026,2.549,0.61275,1.648,0.8380000000000001,11.7072934419645,0.804878442633925,2023,0,1,2025,15.1210531361735,0.848789468638265,2023,4571189,1.4371225914546668
PCN,Pitcairn,oceania,6.187280920464224,5.460918913184011,-0.7263620072802137,0.0375,202,187,1,0.5293836805555556,,0.4621527777777778,,0.4621527777777778,,0.4621527777777778,,0.4621527777777778,1,1,0,0,0.14285714285714285,0.4621527777777778,0.4813722627856607,0.4813722627856607,0.4813722627856607,,,,,,,,,,,,,,,,,,
PER,Peru,americas,6.898312308180794,6.917052231444909,0.018739923264115,0.8026600650428788,105,114,0.7797618055555556,0.7375418329420972,0.6917085557811432,0.6492936664360138,0.7646900000000001,0.6935175000000001,0.5216071428571428,0.5132857142857142,0.5407461247136652,0.525559593535249,0.7222222222222222,9,0,0,0.6,0.48,0.6460614791542207,0.6460614791542207,0.6460614791542207,2.12,0.6266666666666667,2026,2.558,0.6105,1.718,0.8205,8.60480803979216,0.8565865326701307,2021,0,1,2025,31.0938536450575,0.689061463549425,2023,34576665,1.4913735258973222
PHL,Philippines,asia,6.190031376057,5.985807469253673,-0.20422390680332736,0.8027208218310253,171,186,0.6042678679874172,0.5821878865807386,0.7454407467594407,0.685822020294285,0.52495,0.5055875000000001,0.3705357142857143,0.38592857142857145,0.4532814486862151,0.45183608651466134,0.5777777777777777,9,0,0,0.6,0.4475,0.5405118286212452,0.5405118286212452,0.5405118286212452,2.092,0.6359999999999999,2026,2.377,0.65575,1.716,0.821,4.34759149828352,0.9275401416952747,2023,144,0.5065628221772833,2025,22.2053003753671,0.777946996246329,2023,116786962,1.4974356116709826
PLW,Palau,oceania,7.417062518211148,7.5007173858432035,0.08365486763205521,0.5534442823522565,67,62,0.9876543209876544,0.8807434064744006,0.8128865063104034,0.5806433973864265,0.89734,0.811098542260209,0.55,0.5511870845204179,0.9057846122499797,0.8174320014476937,0.9753086419753086,8,0,0,0.5714285714285714,0.5523741690408357,0.7222489777157699,0.6843329122338749,0.7125774237838519,,,,,,,,11.2268096213758,0.8128865063104034,2018,0,1,2025,4.94109970714801,0.9505890029285199,2023,17663,0.12172257113060098
PNG,Papua New Guinea,oceania,6.612050264380171,6.655161131400799,0.04311086702062816,0.8023005993299575,127,143,0.7621612284482759,0.7216932338136003,0.7342279140051062,0.6822970501978884,0.55314,0.533853673740053,0.4543214285714285,0.45865608184918527,0.6651209659267281,0.6178393981850991,0.6206896551724137,8,0,0,0.5714285714285714,0.4759946949602122,0.6163029464447192,0.6163029464447192,0.6163029464447192,2.002,0.6660000000000001,2026,2.28,0.68,1.791,0.80225,9.34037927179888,0.8443270121366853,2010,0,1,2025,14.1117516188413,0.8588824838115869,2023,10762817,1.4726347707892962
POL,Poland,europe,8.294223595751824,8.324717172959602,0.030493577207778344,0.8024937362666762,21,17,0.906565625,0.8632129103535353,0.894082269029941,0.8351693311732189,0.87422,0.805665,0.7943571428571429,0.7554857142857143,0.6927137352951148,0.6695353014713361,1,8,0,0,0.5714285714285714,0.6,0.8069027555547524,0.8069027555547524,0.8069027555547524,1.615,0.795,2026,1.606,0.8485,1.935,0.76625,0.802314721828908,0.9866280879695182,2023,0,1,2025,16.522574789688,0.83477425210312,2023,36435861,1.4918113020463748
PRI,Puerto Rico,americas,6.0763249721361445,5.992424888659999,-0.08390008347614586,0.2563244696898924,170,193,0.8333333333333333,0.5328888888888889,0.7568390307799117,0.6328176947791058,,0.4577777777777778,,0.4577777777777778,0.9216036976884304,0.6896907377331041,0.8333333333333333,2,0,0,0.25,0.4577777777777778,0.541259135758049,0.541259135758049,0.541259135758049,,,,,,,,14.5896581532053,0.7568390307799117,2023,,,,7.83963023115694,0.9216036976884305,2023,3184835,1.4113693872818025
PRK,North Korea,asia,5.48879683773013,5.274599019798993,-0.21419781793113746,0.7800931677018634,209,223,0.571384375,0.5486394575281803,0.536,0.5012698412698413,0.77297,0.6833386111111112,0.1921785714285714,0.23663174603174603,0.5953544766140937,0.5501269685716814,0.4,4,0.5333333333333333,0.21333333333333335,0.4,0.41444444444444445,0.4941837293841834,0.4941837293841834,0.4604474534582232,2.845,0.3849999999999999,2026,2.856,0.536,3.105,0.47375,,,,0,1,2025,21.7761196310643,0.782238803689357,2023,26571036,
PRT,Portugal,europe,8.486048602150293,8.453330137318076,-0.0327184648322163,0.8024723778810945,16,11,0.9340153951149426,0.8869709732677675,0.8839826542755895,0.826874763711316,0.91642,0.837315,0.7745357142857143,0.7396285714285715,0.7666509172547444,0.7249881879410583,0.9540229885057472,9,0,0,0.6,0.6,0.8216666798522917,0.8216666798522917,0.8216666798522917,1.427,0.8576666666666667,2026,1.669,0.83275,1.231,0.94225,0.719971949892832,0.9880004675017862,2022,0,1,2025,8.76550462748695,0.9123449537251305,2023,10804871,1.4727393442412908
PRY,Paraguay,americas,7.055803816639627,7.05230497843452,-0.003498838205106658,0.8024753369697706,97,97,0.8295420833333335,0.7843821807992204,0.7565201598409794,0.7063543933352129,0.76753,0.7025919444444445,0.35967857142857146,0.38929841269841275,0.7116900274869176,0.6607119650596326,0.8333333333333334,10,0,0,0.625,0.5077777777777778,0.6614518321024285,0.6614518321024285,0.6614518321024285,1.882,0.706,2026,2.231,0.69225,1.978,0.7555000000000001,6.7795163925492,0.88700806012418,2023,0,1,2025,15.327993717276,0.84672006282724,2023,7013078,1.4584088789834242
PSE,Palestine,middle_east,5.631403866240487,4.613160103968143,-1.018243762272344,0.7851701919776553,230,218,0.28561617159272823,0.2948353565748068,0.7029513734597862,0.6317005561963981,0.3350000000000001,0.3401683501683503,0.5872142857142857,0.5398724386724386,0.8520258169814262,0.7266456253623322,0.25757575757575757,7,0.4090909090909091,0.2202797202797203,0.5384615384615384,0.35050505050505054,0.4398619591177325,0.3511989238641181,0.38648255220086486,2.877,0.3743333333333334,2026,2.753,0.56175,2.265,0.68375,0.622023007311598,0.98963294987814,2022,14505,0.049924706445890754,2025,22.394098975674,0.77605901024326,2023,5413596,1.4465583201926182
PYF,French Polynesia,oceania,6.8311392881922925,6.754875280581329,-0.07626400761096352,0.21064335522050404,119,120,1,0.6820312499999999,0.9938152835476027,0.7508608981290998,,0.5375,,0.5375,,0.5375,1,5,0,0,0.45454545454545453,0.5375,0.6276267787676506,0.6276267787676506,0.6276267787676506,,,,,,,,0.37108298714383,0.9938152835476028,2009,,,,,,,282465,0.8781932368151057
QAT,Qatar,middle_east,7.822780492574888,7.369932066910374,-0.45284842566451466,0.8017825351868297,80,39,0.7437764213397519,0.7006388972073925,0.9378122002200553,0.8358206690295005,0.81829,0.7230924999999999,0.6710714285714285,0.6243571428571428,0.496875,0.48203125,0.6666666666666666,9,0,0,0.6,0.4375,0.6976503291410917,0.6976503291410917,0.6976503291410917,1.676,0.7746666666666667,2026,1.369,0.9077500000000001,2.247,0.68825,0.0691454145354033,0.9988475764244099,2022,6,0.8070653440705423,2025,107.758571527846,0,2023,2972215,1.4054288564930184
REU,Reunion,africa,6.044168572541083,5.3825441960969815,-0.6616243764441014,0.06,205,194,1,0.5533333333333333,,0.4416666666666667,,0.4416666666666667,,0.4416666666666667,0.9,0.4416666666666667,1,2,0,0,0.25,0.4416666666666667,0.47256579817301647,0.47256579817301647,0.4725657981730165,,,,,,,,,,,,,,,,,,
ROU,Romania,europe,7.99484560439914,7.940599728479932,-0.05424587591920815,0.8024191835899304,40,32,0.8893954166666668,0.8484708122895623,0.8768186883189346,0.8212815802336214,0.84973,0.7872975,0.5761428571428571,0.5809142857142857,0.6687161820959544,0.6515371365719659,1,8,0,0,0.5714285714285714,0.6,0.7628736127202976,0.7628736127202976,0.7628736127202976,1.788,0.7373333333333334,2026,1.699,0.82525,1.874,0.7815,1.10887485110282,0.9815187524816197,2023,0,1,2025,16.007729806639,0.83992270193361,2023,19020271,1.4843914791836181
RUS,Russia,europe,4.820127790945341,3.9719928323392937,-0.8481349586060469,0.8027255952637766,237,235,0.1985243253745937,0.22901385701197485,0.6485618107424307,0.6018299381393807,0.58402,0.5417649999999999,0.3145357142857143,0.33462857142857144,0.5822427236457023,0.5404320427342767,0.1222222222222222,9,0.7,0.42,0.6,0.415,0.39952846457341706,0.2761275235265651,0.3153228672130281,3.367,0.21099999999999997,2026,2.876,0.531,3.285,0.42874999999999996,6.76512531955806,0.887247911340699,2021,4420,0.167732957687041,2025,11.5661567768194,0.884338432231806,2023,143513328,1.4979125109398344
RWA,Rwanda,africa,7.030511543888504,6.853874113051894,-0.17663743083660943,0.8025425268403101,112,100,0.7585918031186221,0.7151281688765627,0.7350788915059556,0.6778305435268931,0.65247,0.6018525,0.5070357142857143,0.4956285714285714,0.7138639036795357,0.6478979277596518,0.7222222222222222,9,0,0,0.6,0.45,0.6388774687825824,0.6388774687825824,0.6388774687825824,2.2,0.5999999999999999,2026,2.463,0.63425,1.476,0.881,3.61247427164444,0.9397920954725927,2020,1,0.9312752889157138,2025,36.0064247681194,0.6399357523188061,2023,14569341,1.4796876516020585
SAU,Saudi Arabia,middle_east,6.8709728532482375,6.732032185948832,-0.1389406672994058,0.8024949245755235,122,118,0.6796891550231277,0.6434630738699852,0.845278570303851,0.7607902898256265,0.7716,0.6845797524314765,0.5386785714285715,0.5156466590880384,0.4489838583411652,0.4426176461873505,0.6091954022988505,8,0.06896551724137931,0.03940886699507389,0.5714285714285714,0.4235190097259063,0.6330147689226191,0.6330147689226191,0.6250319225756147,2.067,0.6443333333333332,2026,1.893,0.77675,2.588,0.603,0.935259944754359,0.984412334254094,2019,5,0.8223491989742245,2025,73.5179752363051,0.264820247636949,2023,36973555,1.4919297468321229
SDN,Sudan,africa,4.52398639721731,3.591076560750588,-0.9329098364667225,0.8026885662156811,246,241,0.20507673611111116,0.22126311130672932,0.5799030383366001,0.5278622239666497,0.39316,0.37487000000000004,0.22153571428571428,0.24122857142857143,0.5353962722397084,0.4815472041797813,0.14444444444444443,9,0.7,0.42,0.6,0.32,0.3345855538591831,0.26548094342526485,0.27334175293545343,3.195,0.2683333333333334,2026,3.339,0.41525,2.271,0.68225,5.1480839388,0.9141986010200001,2008,75044,0,2025,37.6123871383607,0.623876128616393,2023,51662147,1.4942154342356864
SEN,Senegal,africa,7.168295919102016,7.0458163655606985,-0.1224795535413179,0.8027374379039676,99,85,0.8196289583333334,0.7696030616471735,0.771901150165141,0.7099655720729782,0.6981499999999999,0.639411111111111,0.5894642857142857,0.5642103174603175,0.5165384033880832,0.5032024136521736,0.7708333333333334,10,0.03125,0.01953125,0.625,0.46319444444444446,0.6648685944135755,0.6648685944135755,0.6607131656984907,1.939,0.687,2026,2.353,0.66175,1.487,0.87825,0.267518151792543,0.995541364136791,2015,0,1,2025,41.6483649398667,0.583516350601333,2023,18931966,1.484319436904707
SGP,Singapore,asia,8.691617234998484,8.625550894405592,-0.06606634059289185,0.8020958477987956,8,3,0.921715625,0.8674092972999224,0.942502474781872,0.8607633519359595,0.8584700000000001,0.7782755769230769,0.9513214285714285,0.8685956043956043,0.8993755561356553,0.8089547440248184,1,8,0,0,0.5714285714285714,0.5376923076923077,0.8414530927062757,0.8414530927062757,0.8414530927062757,1.435,0.855,2026,1.341,0.91475,2.095,0.72625,0.0690954942050905,0.9988484084299152,2023,0,1,2025,15.1427300261359,0.848572699738641,2023,6111175,1.4524652699378484
SGS,South Georgia,other,5.78939212004258,5.181446289511495,-0.6079458305310848,0,211,209,,0.45,,0.45,,0.45,,0.45,,0.45,,0,0,0,0,0.45,0.45,0.45,0.45000000000000007,,,,,,,,,,,,,,,,,,
SHN,Saint Helena,africa,5.363850889837995,4.734393694944933,-0.6294571948930621,0,228,225,,0.4,,0.4,,0.4,,0.4,,0.4,,0,0,0,0,0.4,0.39999999999999997,0.39999999999999997,0.39999999999999997,,,,,,,,,,,,,,,,,,
SJM,Svalbard and Jan Mayen,europe,6.581298157411255,5.890313526432444,-0.6909846309788108,0.0375,179,147,1,0.5731336805555557,,0.5121527777777778,,0.5121527777777778,,0.5121527777777778,,0.5121527777777778,1,1,0,0,0.14285714285714285,0.5121527777777778,0.5297322969836403,0.5297322969836403,0.5297322969836403,,,,,,,,,,,,,,,,,,
SLB,Solomon Islands,oceania,7.096164391717599,7.668166195410821,0.5720018036932224,0.7082530721019029,56,94,0.9425287356321839,0.8419268773170769,0.9377608312532348,0.7546782030102047,0.7884,0.724533863837312,0.529,0.5297870910698498,0.8036862234744201,0.7359985314431272,0.8850574712643677,8,0,0,0.5714285714285714,0.5329354553492485,0.7317073240921848,0.7317073240921848,0.7317073240921848,,,,,,,,3.73435012480591,0.9377608312532348,2008,0,1,2025,9.76639967800624,0.9023360032199376,2023,838645,1.2111621391331977
SLE,Sierra Leone,africa,6.971911968038777,6.803459056745551,-0.16845291129322604,0.8024116497465876,114,107,0.8238846572580646,0.7735533334279874,0.7423787824082932,0.686840031736194,0.54595,0.5260955645161292,0.4993571428571429,0.4927921658986175,0.6411069852097836,0.5974633034234667,0.7956989247311828,9,0,0,0.6,0.46653225806451615,0.6331470670073595,0.6331470670073595,0.6331470670073593,1.937,0.6876666666666666,2026,2.465,0.63375,1.591,0.85225,2.22431228940123,0.9629281285099796,2020,0,1,2025,22.461260523478,0.77538739476522,2023,8819794,1.46673981689604
SLV,El Salvador,americas,6.627418656840245,6.700973518209922,0.07355486136967748,0.8024335887955976,124,139,0.7752572095959597,0.7368892534260737,0.6902377160021649,0.652219844193347,0.7888,0.7170713804713804,0.3150357142857143,0.35240567580567583,0.6080601667555541,0.581516505538046,0.8080808080808081,10,0,0,0.625,0.5018855218855218,0.6215045116528112,0.6215045116528112,0.6215045116528112,2.264,0.5786666666666667,2026,2.59,0.6025,2.174,0.7065,7.89768799960639,0.8683718666732269,2022,0,1,2025,29.5862475987305,0.704137524012695,2023,6365503,1.4543066235747666
SMR,San Marino,europe,7.473983753162371,7.732573781611335,0.25859002844896395,0.42055167803215715,51,57,0.9722222222222222,0.8777601410934743,0.9393729955196644,0.6532677854694876,0.9935,0.7921203703703703,,0.5907407407407407,0.872639262477089,0.7316900016089148,0.9444444444444443,7,0,0,0.5384615384615384,0.5907407407407407,0.739070817329939,0.739070817329939,0.7390708173299388,,,,,,,,3.63762026882014,0.9393729955196644,2002,0,1,2025,12.7360737522911,0.872639262477089,2023,34109,0.2185456347257047
SOM,Somalia,africa,4.443080370050449,3.814125226359783,-0.628955143690666,0.7813179074446681,244,242,0.3115772641680721,0.31417201569369574,0.37424999999999997,0.36160714285714285,0.32741000000000003,0.32805750000000006,0.2607857142857143,0.27462857142857144,0.5156767720775745,0.4692575790581809,0.18888888888888886,9,0.5666666666666667,0.33999999999999997,0.6,0.33,0.33485167915372926,0.3325030523431994,0.29789516042174935,2.973,0.3423333333333334,2026,3.503,0.37424999999999997,1.81,0.7975,,,,3095,0.203055209330416,2025,18.5402586086237,0.8145974139137631,2023,19654739,
SPM,Saint Pierre and Miquelon,americas,5.620432067402156,5.0028768289566745,-0.6175552384454814,0,221,219,,0.43,,0.43,,0.43,,0.43,,0.43,,0,0,0,0,0.43,0.43,0.43,0.42999999999999994,,,,,,,,,,,,,,,,,,
SRB,Serbia,europe,7.557491613265049,7.476784818420294,-0.08070679484475551,0.8021272696304409,69,51,0.8598611728395062,0.8226968092606981,0.8224254887242384,0.7769472951160404,0.83784,0.777644007597341,0.3913214285714285,0.4324683489350155,0.6509095221185193,0.6374461491862304,0.9506172839506172,8,0,0,0.5714285714285714,0.5970560303893637,0.7098449532918073,0.7098449532918073,0.7098449532918073,1.919,0.6936666666666667,2026,2.017,0.74575,1.924,0.769,1.31400205013848,0.9780999658310253,2023,0,1,2025,19.3375514552379,0.806624485447621,2023,6549143,1.4555499120406843
SSD,South Sudan,africa,3.91451453017131,3.5623947434100627,-0.35211978676124733,0.8023324246544681,247,246,0.3304449929405056,0.32896792323174723,0.4432083029943546,0.4184467198503047,0.31096999999999997,0.3132275,0.08946428571428572,0.1355714285714286,0.6156385762535106,0.541728932190133,0.10344827586206896,8,0.8275862068965517,0.4729064039408867,0.5714285714285714,0.32,0.31836954273417517,0.31836954273417517,0.27019066414898374,3.116,0.29466666666666663,2026,3.865,0.28374999999999995,2.102,0.7245,13.9825812737537,0.7669569787707716,2012,280,0.4409639013064034,2025,23.674692498997,0.76325307501003,2023,12188788,1.4757845561648162
STP,Sao Tome and Principe,africa,6.654413186256574,7.473739148829646,0.819325962573072,0.6816676730517566,70,135,0.8888888888888887,0.7775542784163473,0.9461350555751563,0.672556075582933,0.79436,0.7079227777777777,0.6481071428571428,0.6082079365079365,0.8901020408238649,0.7797293083956764,0.7777777777777777,5,0,0,0.45454545454545453,0.4486111111111111,0.7094972479768461,0.7094972479768461,0.7094972479768461,,,,,,,,3.23189666549062,0.9461350555751563,2011,0,1,2025,15.1195335259737,0.848804664740263,2023,240254,0.818575186142545
SUR,Suriname,americas,7.122923588114173,7.671329944958529,0.5484063568443567,0.7051591286802636,55,89,0.9702380952380953,0.8626451800232289,0.8913422570492373,0.722294171667988,0.77778,0.7156117857142857,0.6487857142857144,0.6248500000000001,0.6423938101586982,0.6140721433333094,0.9404761904761906,9,0,0,0.6,0.5291071428571429,0.7320689554997721,0.7320689554997721,0.7320689554997721,,,,,,,,6.51946457704576,0.8913422570492373,2023,0,1,2025,15.670163102049,0.8432983689795099,2023,639850,1.1427933559564207
SVK,Slovakia,europe,8.103105763726312,8.043622174791103,-0.05948358893520833,0.8018368797507847,32,25,0.9113877083333334,0.8671468317395263,0.8683627857546985,0.8141103831121919,0.88573,0.8142975,0.5823928571428572,0.5859142857142857,0.6949895801809055,0.6712421851356791,1,7,0,0,0.5384615384615384,0.6,0.7746727394905003,0.7746727394905003,0.7746727394905002,1.661,0.7796666666666666,2026,1.749,0.81275,1.585,0.85375,1.12358440823663,0.9812735931960561,2023,0,1,2025,13.7166673872216,0.862833326127784,2023,5413813,1.4465603859622684
SVN,Slovenia,europe,8.534412017291807,8.507826543193596,-0.026585474098210327,0.8012547454691219,12,10,0.9510550000000001,0.9014108585858587,0.9211744352047494,0.8552424468948102,0.91193,0.8339475000000001,0.7855,0.7484,0.7044466013940817,0.6783349510455613,1,8,0,0,0.5714285714285714,0.6,0.827925722936951,0.827925722936951,0.827925722936951,1.369,0.877,2026,1.452,0.887,1.308,0.923,0.566466326409227,0.9905588945598462,2023,0,1,2025,12.5550625384956,0.874449374615044,2023,2130986,1.3712990983214828
SWE,Sweden,europe,8.383277214175493,8.455814415792126,0.07253720161663324,0.8024670613284255,15,15,0.8543677777777778,0.8164286541471049,0.9161403362940831,0.8495421633562419,0.9210400000000001,0.83703,0.9245714285714286,0.8566571428571429,0.7382402068502155,0.6999301551376617,0.8777777777777778,9,0,0,0.6,0.585,0.8219519638267149,0.8219519638267149,0.8219519638267149,1.732,0.756,2026,1.463,0.88425,2.12,0.72,1.14675703743944,0.9808873827093426,2023,0,1,2025,5.25938129137927,0.9474061870862073,2023,10596620,1.4722135260850155
SWZ,Eswatini,africa,6.891940109310733,6.756147439846558,-0.13579266946417512,0.8005977495601309,117,115,0.8069770833333334,0.7590879569081155,0.6271573596088906,0.5937418986154326,0.7469100000000001,0.6769235714285715,0.3623571428571428,0.3832785714285714,0.8254868431240994,0.7358562037716461,0.7976190476190477,9,0,0,0.6,0.4669642857142857,0.6277713020449521,0.6277713020449521,0.6277713020449522,2.095,0.635,2026,2.815,0.54625,1.598,0.8505,12.5145709802017,0.7914238169966383,2021,0,1,2025,16.7458644287773,0.832541355712227,2023,1256174,1.2939806643986227
SXM,Sint Maarten,americas,6.454362541952282,5.897117505200596,-0.5572450367516861,0.075,178,162,1,0.62171875,,0.495625,,0.495625,,0.495625,,0.495625,1,3,0,0,0.3333333333333333,0.495625,0.5305000544487889,0.5305000544487889,0.5305000544487889,,,,,,,,,,,,,,,,,43923,
SYC,Seychelles,africa,7.249174005685094,7.819047990338108,0.5698739846530136,0.6621237606668968,48,81,0.962962962962963,0.8472234717848753,0.8672216800440825,0.6281255758659995,0.8773,0.7809094729344729,0.8676428571428572,0.792461864061864,0.8907376502458553,0.7909877106188644,0.9259259259259259,8,0,0,0.5714285714285714,0.49173789173789173,0.7604924041209016,0.7154080908561125,0.7489617220553492,,,,,,,,7.96669919735506,0.8672216800440824,2022,0,1,2025,9.25996565809024,0.9074003434190976,2023,122730,0.5704303907290924
SYR,Syria,middle_east,4.190147760469376,3.9310239987912414,-0.25912376167813456,0.8024592998788413,238,245,0.257196494219533,0.26607779806727583,0.614813372602385,0.5557133649363344,0.50314,0.457355,0.32942857142857146,0.3275428571428572,0.5631186590932454,0.502338994319934,0.03571428571428571,8,0.8928571428571429,0.5102040816326531,0.5714285714285714,0.32,0.3918825245837756,0.31628952252219705,0.310796343701457,3.067,0.31099999999999994,2026,3.232,0.44199999999999995,1.983,0.75425,2.05938679956635,0.9656768866738942,2010,2715,0.21603881864118923,2025,32.0552019474512,0.679447980525488,2023,25620427,1.4883812920677106
TCA,Turks and Caicos Islands,americas,6.412749692602155,5.458230962098438,-0.9545187305037173,0.23040380749674824,204,171,0.7777777777777777,0.5442881944444444,0,0.3630840625123172,0.9765,0.7214791666666667,,0.4664583333333333,0.9,0.4664583333333333,0.7777777777777777,3,0,0,0.3333333333333333,0.4664583333333333,0.5007240415765541,0.4266170688805813,0.48107012752784517,,,,,,,,76.3400403511642,0,2022,,,,,,,46855,0.2847116728443823
TCD,Chad,africa,4.715039417372889,4.110319542092977,-0.6047198752799119,0.7814661654135338,236,237,0.4759309079111206,0.458161882144872,0.43725,0.4121290283790285,0.32533000000000006,0.33132914983164985,0.07992857142857143,0.13380817700817701,0.5307129586059467,0.48536636878610984,0.2828282828282828,10,0.2727272727272727,0.17045454545454544,0.625,0.3493265993265994,0.34969971868534483,0.34969971868534483,0.3306251885752351,2.769,0.4103333333333333,2026,3.251,0.43725,1.938,0.7655000000000001,,,,41,0.6294145430447668,2025,42.9595249298994,0.5704047507010059,2023,21003705,
TGO,Togo,africa,6.45272173366001,5.84415861812887,-0.6085631155311395,0.7813179074446681,185,164,0.6196684527418579,0.5932563970236888,0.623,0.568469387755102,0.47801000000000005,0.4665432142857143,0.376,0.3872285714285714,0.6997858016232973,0.6328750655031872,0.6428571428571429,9,0.03571428571428571,0.021428571428571425,0.6,0.43214285714285716,0.5281469580132775,0.5281469580132775,0.524525378872615,2.251,0.583,2026,2.508,0.623,1.918,0.7705,,,,69,0.578766795506635,2025,34.3346739146749,0.6566532608532509,2023,8591626,
THA,Thailand,asia,6.599456510068931,6.389379446846551,-0.2100770632223803,0.8027046727733589,147,144,0.6373820557691863,0.6131028929847939,0.7493601084649013,0.6924405348235347,0.6418999999999999,0.597675,0.4371785714285714,0.4427428571428571,0.5047724888270108,0.494829366620258,0.6555555555555556,9,0,0,0.6,0.46499999999999997,0.5861610136099313,0.5861610136099313,0.5861610136099313,2.089,0.637,2026,2.339,0.66525,1.562,0.8594999999999999,4.79225300638159,0.9201291165603068,2011,113,0.5304116079058238,2025,23.4870743016258,0.765129256983742,2023,71619863,1.4958228825916864
TJK,Tajikistan,asia,6.501521537955491,6.551158587078275,0.04963704912278377,0.8024719229080262,129,155,0.8229109027777778,0.7753178178794993,0.8316119606058296,0.7619089109590691,0.7172099999999999,0.6591575,0.18425000000000002,0.2444,0.5391132790671953,0.5255849593003965,0.7444444444444442,9,0,0,0.6,0.48499999999999993,0.6045009745269894,0.6045009745269894,0.6045009745269894,1.799,0.7336666666666667,2026,1.976,0.756,1.651,0.83725,0.892370798940089,0.9851271533509985,2020,0,1,2025,33.3455362132125,0.666544637867875,2023,10786734,1.4726943421038499
TKL,Tokelau,oceania,6.434940177723687,5.80568502969619,-0.6292551480274975,0.06,186,166,1,0.5933333333333334,,0.4916666666666667,,0.4916666666666667,,0.4916666666666667,,0.4916666666666667,1,2,0,0,0.25,0.4916666666666667,0.5201865995318512,0.5201865995318512,0.5201865995318512,,,,,,,,,,,,,,,,,,
TKM,Turkmenistan,asia,6.477221295629313,6.51771334475852,0.0404920491292069,0.8023598234848808,134,158,0.8225527083333334,0.7778269747652582,0.7981154694108694,0.7390390368260598,0.7275,0.671875,0.17453571428571427,0.24062857142857141,0.5245419125396972,0.5196564344047728,0.8333333333333334,9,0,0,0.6,0.505,0.6007076337134054,0.6007076337134054,0.6007076337134053,1.903,0.6990000000000001,2026,2.172,0.707,2.145,0.71375,1.01355101620555,0.9831074830632408,2015,0,1,2025,31.2475628480692,0.687524371519308,2023,7618847,1.461631171450215
TLS,Timor-Leste,asia,7.509209441244789,7.573761855044229,0.06455241379943999,0.8004521423618587,61,54,0.8535184848484849,0.8021365463376939,0.8293997951831398,0.7592947097928896,0.70806,0.6540121717171717,0.6133571428571428,0.5890594516594516,0.8444299506179725,0.7562896346806511,0.8030303030303031,7,0,0,0.5384615384615384,0.4918686868686869,0.7209197691841356,0.7209197691841356,0.7209197691841356,1.681,0.773,2026,1.885,0.77875,1.604,0.849,4.06594633033822,0.9322342278276963,2015,0,1,2025,11.9874398587491,0.880125601412509,2023,1418517,1.3146451350217514
TON,Tonga,oceania,7.318249066061343,7.682865272468108,0.3646162064067653,0.611520302460157,54,74,0.9885057471264367,0.8833403420241098,0.9842275522580625,0.7019459846506275,0.84555,0.773494396551724,0.4099999999999999,0.4836637931034482,0.8623199236721182,0.7860718393058128,0.9770114942528735,9,0,0,0.6,0.5573275862068965,0.7333875580220524,0.7333875580220524,0.7333875580220524,,,,,,,,0.946346864516251,0.9842275522580625,2019,0,1,2025,4.68916248431247,0.9531083751568753,2023,103742,0.5123196660323563
TTO,Trinidad and Tobago,americas,7.267125967732572,6.934342649925693,-0.33278331780687953,0.8005860562697176,104,78,0.7966365373563219,0.7516158358005341,0.5435643573568198,0.5299870398818745,0.73488,0.6707289655172414,0.7180357142857143,0.6700837438423646,0.8178503389223098,0.7329567197089738,0.7241379310344828,8,0,0,0.5714285714285714,0.4782758620689655,0.6600877857866247,0.6131551300905931,0.6480281384512828,1.959,0.6803333333333332,2026,2.397,0.65075,1.762,0.8095,40.4432986623964,0.3259450222933933,2022,0,1,2025,13.7770653891863,0.862229346108137,2023,1367764,1.3086446684577526
TUN,Tunisia,africa,6.999720686197582,7.070010442197804,0.07028975600022136,0.8025062592740908,96,104,0.7679410416666667,0.719287373826291,0.7420308586442339,0.6778176566162704,0.83441,0.7314324999999999,0.5175000000000001,0.49850000000000005,0.6905477814909831,0.6235358361182373,0.6,9,0,0,0.6,0.42250000000000004,0.6634675972698943,0.6634675972698943,0.6634675972698945,1.947,0.6843333333333332,2026,2.386,0.6535,1.593,0.85175,4.69348024650292,0.9217753292249513,2020,0,1,2025,18.874792802061,0.81125207197939,2023,12348573,1.4760928991686944
TUR,Turkey,middle_east,5.8368135245828645,5.910833258960766,0.07401973437790144,0.8018278689022567,177,207,0.6687587804578035,0.6329832374358925,0.678736578473025,0.6269443897396968,0.57256,0.5344090350877193,0.2502857142857143,0.2842197994987469,0.5695393773751949,0.5321435681191155,0.6140350877192983,5,0,0,0.45454545454545453,0.4199561403508772,0.5320478680974516,0.5320478680974516,0.5320478680974516,2.605,0.46499999999999997,2026,2.812,0.547,2.021,0.74475,3.22789482308636,0.9462017529485607,2023,1,0.9312752889157138,2025,26.4041601035213,0.735958398964787,2023,85878556,1.4965148114241136
TUV,Tuvalu,oceania,7.254705036892213,7.227292262159954,-0.02741277473225967,0.5422255914671585,88,80,0.9866666666666666,0.8798938371569951,0.6951544804670233,0.5610622192526808,0.82092,0.7536771794871795,0.37,0.46097435897435896,0.8991287017107776,0.8123337057702626,0.9733333333333333,8,0,0,0.5714285714285714,0.5519487179487179,0.6863472135906229,0.6667117702327132,0.681384792828526,,,,,,,,18.2907311719786,0.6951544804670233,2012,0,1,2025,5.22404813151427,0.9477595186848573,2023,9492,0.06796440914211521
TWN,Taiwan,asia,7.738976277186724,7.4185810562108365,-0.3203952209758878,0.5482142857142858,76,44,0.8952908333333334,0.842457077922078,0.8320000000000001,0.7444155844155844,,0.5254545454545454,0.8888571428571429,0.7980064935064936,,0.5254545454545454,1,6,0,0,0.5,0.5254545454545454,0.7032013712136569,0.7032013712136569,0.7032013712136568,1.751,0.7496666666666667,2026,1.672,0.8320000000000001,1.808,0.798,,,,0,1,2025,,,,,
TZA,Tanzania,africa,6.939215602733191,6.545190326900331,-0.3940252758328606,0.802704037573271,132,110,0.564295689798185,0.5453808039111168,0.7916118289540307,0.7192280740588053,0.6414,0.58855,0.5905,0.5584,0.7004501598471952,0.6328376198853964,0.6333333333333333,9,0,0,0.6,0.43,0.6044415703444875,0.6019750236435518,0.6038239877999981,2.08,0.6399999999999999,2026,2.121,0.71975,1.821,0.7947500000000001,3.74921291744897,0.9375131180425171,2020,1009,0.31411779094589865,2025,20.1699588964355,0.798300411035645,2023,70545865,1.4957594694757073
UGA,Uganda,africa,5.969640270234057,5.690276730046236,-0.2793635401878216,0.7861698458926287,191,201,0.6748673614830497,0.639018531021491,0.6158155122743468,0.5764955644500104,0.475,0.4564814814814815,0.29925,0.3232888888888889,0.6780534611687762,0.6134012069876932,0.5833333333333333,10,0.15625,0.09765625,0.625,0.41944444444444445,0.5235410509688458,0.5235410509688458,0.5071803931260694,2.42,0.5266666666666666,2026,2.999,0.50025,1.816,0.796,8.97308867739149,0.8504485220434752,2023,2,0.8910739100585108,2025,31.2148242708861,0.687851757291139,2023,51384894,1.4941843439670537
UKR,Ukraine,europe,4.880938937810074,3.850945633438709,-1.0299933043713647,0.7860031258270759,242,232,0.18329944444444443,0.21663755086071987,0.6871084819579112,0.6336048512366719,0.305,0.3433333333333333,0.4441785714285714,0.43934285714285715,0.6856356804784225,0.6192267603588169,0.14444444444444443,9,0.7,0.42,0.6,0.42,0.3836396143618564,0.26226325503923453,0.3019563686380867,3.184,0.2719999999999999,2026,2.744,0.564,3.088,0.478,3.77663964401616,0.937056005933064,2021,90345,0,2025,14.854701604932,0.85145298395068,2023,38980376,1.492343105640436
UMI,US Minor Outlying Islands,other,5.78939212004258,5.181446289511495,-0.6079458305310848,0,211,209,,0.45,,0.45,,0.45,,0.45,,0.45,,0,0,0,0,0.45,0.45,0.45,0.45000000000000007,,,,,,,,,,,,,,,,,,
URY,Uruguay,americas,7.528388418592924,7.538898384447318,0.010509965854393677,0.7853769310107805,63,53,0.8736435416666667,0.8243407443957115,0.7018083202063086,0.6653079401966709,0.685,0.6307870370370371,0.7892857142857143,0.7359007936507936,0.7675102395501124,0.7062229574403621,0.8958333333333333,10,0,0,0.625,0.522361111111111,0.7169375580292087,0.7169375580292087,0.7169375580292087,1.754,0.7486666666666666,2026,2.411,0.64725,1.529,0.86775,11.2453054170348,0.81257824304942,2023,0,1,2025,10.8548023885457,0.891451976114543,2023,3384688,1.4163107082122628
USA,United States,americas,7.06004855589349,7.127127609517341,0.06707905362385169,0.7848462986061835,93,96,0.74698125,0.7101670055018787,0.7247562563259815,0.6783894627679976,0.66,0.604320987654321,0.8146785714285714,0.7503354497354497,0.589568714236721,0.5654172764182814,0.9047619047619048,4,0,0,0.4,0.49296296296296294,0.669972047296607,0.669972047296607,0.669972047296607,2.535,0.4883333333333333,2026,2.454,0.6365,3.09,0.47750000000000004,5.76340794073065,0.9039432009878225,2023,0,1,2025,6.96804491055748,0.9303195508944252,2023,341784857,1.499122768175668
UZB,Uzbekistan,asia,6.783306463598162,6.858572536601965,0.07526607300380306,0.7859991527954531,111,123,0.868905763888889,0.8194119943270736,0.8256441130523209,0.7639158715510616,0.645,0.6025,0.32978571428571435,0.3673285714285715,0.4991252494203856,0.5037189370652893,0.8888888888888888,9,0,0,0.6,0.5175,0.6394116177400406,0.6394116177400406,0.6394116177400406,1.726,0.758,2026,1.995,0.75125,1.737,0.81575,1.39879762685076,0.976686706219154,2021,0,1,2025,32.7713715610547,0.672286284389453,2023,37053428,1.491947049812436
VAT,Vatican City,europe,6.4722589866555875,5.790396318949835,-0.6818626677057527,0.15,187,159,1,0.5731336805555557,,0.5121527777777778,,0.5121527777777778,0.42095238095238097,0.44375248015873014,,0.5121527777777778,1,1,0,0,0.14285714285714285,0.5121527777777778,0.5184628479675257,0.5184628479675257,0.5184628479675257,,,,,,,,,,,,,,,,,,
VCT,Saint Vincent and the Grenadines,americas,6.939394037944336,6.335560187481736,-0.6038338504625997,0.607443104329874,151,109,0.9607843137254902,0.8452186161821051,0.14464539794550335,0.38410525820877944,0.8514300000000001,0.7645161274509805,0.44000000000000006,0.4718872549019608,0.8504868401406279,0.7638087575564514,0.9215686274509803,5,0,0,0.45454545454545453,0.5037745098039216,0.6169568777874257,0.48210526852170926,0.5800648866999797,,,,,,,,51.3212761232698,0.14464539794550335,2023,0,1,2025,10.6030079678565,0.893969920321435,2023,99924,0.49974660247262637
VEN,Venezuela,americas,4.751495871918857,4.740024214241874,-0.011471657676983327,0.7859751253626104,227,236,0.5568598116168173,0.5319499789947304,0.6088434532904342,0.5629789350368016,0.48499999999999993,0.44999999999999996,0.07646428571428573,0.13717142857142858,0.5713059162027567,0.5234794371520676,0.27777777777777773,9,0.3,0.18,0.6,0.38,0.4251148636066277,0.4251148636066277,0.400628247462886,2.516,0.4946666666666667,2026,2.92,0.52,2.093,0.72675,12.6466448562847,0.7892225857285884,2022,4,0.8404261625203789,2025,19.1983096563552,0.8080169034364479,2023,28516896,1.489553188478309
VGB,British Virgin Islands,americas,6.739376705177166,6.433632830505842,-0.30574387467132347,0.22477616677245849,143,126,1,0.62171875,0.863906694429701,0.5689516041647055,0.938,0.7168125,,0.495625,,0.495625,1,3,0,0,0.3333333333333333,0.495625,0.5911755121671237,0.5911755121671237,0.5911755121671237,,,,,,,,8.16559833421794,0.863906694429701,2006,,,,,,,39732,0.24860260624363872
VIR,US Virgin Islands,americas,6.0273192176074115,5.119329783833089,-0.9079894337743228,0.172208801253591,219,196,1,0.5118836805555556,0.16904766470434007,0.34961515079906846,,0.4421527777777778,,0.4421527777777778,0.932073617689079,0.6871131977334284,1,1,0,0,0.14285714285714285,0.4421527777777778,0.4553046656063364,0.4081883293508832,0.4430387584479399,,,,,,,,49.8571401177396,0.16904766470434007,2012,,,,6.7926382310921,0.932073617689079,2023,103792,0.5124822246800442
VNM,Vietnam,asia,6.921515416854001,6.953637942002274,0.03212252514827263,0.786198582821056,101,112,0.8789454166666667,0.8295807577972709,0.8394674292508841,0.7769815587048562,0.625,0.5924074074074074,0.4253571428571429,0.4457301587301588,0.3919489803498783,0.4257672908179643,0.9166666666666666,10,0,0,0.625,0.5272222222222223,0.6502231194049524,0.6502231194049524,0.6502231194049524,1.738,0.754,2026,1.908,0.773,1.61,0.8474999999999999,1.53501286347562,0.9744164522754063,2011,0,1,2025,24.7845479100313,0.752154520899687,2023,101598527,1.4970530025449191
VUT,Vanuatu,oceania,7.354111780424207,7.924465227195765,0.5703534467715583,0.6762587094760726,42,72,0.9827586206896551,0.8783641715727503,0.994423224814865,0.7677164200420534,0.79,0.711580459770115,0.636,0.6197482758620689,0.8200235542537696,0.7537030105179134,0.9655172413793104,9,0,0,0.6,0.5547413793103448,0.7610263917166905,0.7610263917166905,0.7610263917166905,,,,,,,,0.3346065111081,0.994423224814865,2020,0,1,2025,6.9939431918878,0.930060568081122,2023,335169,0.9394294138860809
WLF,Wallis and Futuna,oceania,6.187280920464224,5.460918913184011,-0.7263620072802137,0.0375,202,187,1,0.5293836805555556,,0.4621527777777778,,0.4621527777777778,,0.4621527777777778,,0.4621527777777778,1,1,0,0,0.14285714285714285,0.4621527777777778,0.4813722627856607,0.4813722627856607,0.4813722627856607,,,,,,,,,,,,,,,,,,
WSM,Samoa,oceania,7.393585589536279,7.862880448820569,0.4692948592842896,0.636223041583565,46,65,0.9876543209876544,0.8807434064744006,0.8956235768676154,0.7032765658511764,0.86009,0.7831610422602089,0.58,0.5661870845204178,0.8849686142791988,0.8018200029696081,0.9753086419753086,8,0,0,0.5714285714285714,0.5523741690408357,0.7539772714100458,0.7539772714100458,0.7539772714100458,,,,,,,,6.26258538794308,0.8956235768676153,2018,0,1,2025,4.57949918534889,0.9542050081465111,2023,219306,0.784532060118386
XKX,Kosovo,europe,7.675372598598801,7.458046030659756,-0.21732656793904503,0.35525745439006895,73,47,0.8888888888888888,0.7005208333333333,0.9684170420492633,0.8050149890269908,0.9565,0.772,,0.5875,,0.5875,0.8888888888888888,9,0,0,0.6,0.5875,0.7077057695585957,0.7077057695585957,0.7077057695585957,,,,,,,,1.89497747704421,0.9684170420492632,2021,,,,,,,1576876,1.3311643581206567
YEM,Yemen,middle_east,3.7203009250962467,3.4187422690312927,-0.3015586560649539,0.7860082368682086,248,248,0.2759339411147467,0.2821404282816838,0.5605190481606902,0.5123463775995317,0.22000000000000003,0.25333333333333335,0.07639285714285717,0.12511428571428573,0.5635740764943964,0.5026805573707973,0.06666666666666667,9,0.8,0.48,0.6,0.32,0.30060363319511296,0.30060363319511296,0.25443091513634364,3.081,0.30633333333333335,2026,3.433,0.39175000000000004,2.186,0.7035,5.80971851623815,0.9031713580626974,2013,1455,0.27785484921933334,2025,46.8359781444582,0.531640218555418,2023,41773878,1.4928526975753824
ZAF,South Africa,africa,6.747537018131897,6.337971970866011,-0.40956504726588605,0.8025295235804835,150,125,0.7866188721264369,0.7415731610702517,0.43844109676769594,0.4443746277510308,0.70701,0.6472778359858533,0.5538928571428571,0.5367305545029682,0.698848346003082,0.6411565954881647,0.8160919540229884,8,0,0,0.5714285714285714,0.4680813439434129,0.5961581988987751,0.5353521093519226,0.5803380156332821,2.308,0.5640000000000001,2026,2.917,0.52075,1.679,0.8302499999999999,43.7202551331462,0.27132908111422993,2022,0,1,2025,27.7247110277789,0.7227528897222111,2023,64747319,1.4953808716877135
ZMB,Zambia,africa,7.147247027983145,7.0057124576124,-0.14153457037074446,0.7859437816842256,100,88,0.8481643055555557,0.7973665160406886,0.7213142026546933,0.6744241386512773,0.62,0.5758333333333333,0.5179642857142858,0.5118714285714286,0.6951659209006111,0.6432494406754583,0.888888888888889,9,0,0,0.6,0.48750000000000004,0.6561484543295448,0.6561484543295448,0.6561484543295449,1.992,0.6693333333333333,2026,2.493,0.62675,1.442,0.8895,5.20150860823759,0.9133081898627069,2015,0,1,2025,20.2430489112714,0.797569510887286,2023,21913874,1.486433855958481
ZWE,Zimbabwe,africa,6.420263315360203,6.463690566989828,0.04342725162962502,0.7860525370887683,141,170,0.796723125,0.7495709515107213,0.7134216781057077,0.6627127210558937,0.645,0.583587962962963,0.2809642857142857,0.31692420634920637,0.7032342697803567,0.6426166745574897,0.7604166666666666,10,0.03125,0.01953125,0.625,0.4607638888888889,0.5983219380937975,0.5983219380937975,0.5945824259807113,2.051,0.6496666666666666,2026,2.489,0.62775,1.763,0.80925,6.75833125350771,0.8873611457748715,2022,0,1,2025,15.0254734850511,0.849745265149489,2023,16950795,1.4825080994787705
