{
  "fetchedAt": "2026-03-24T07:05:49.438Z",
  "results": {
    "AFG": 0.7303666666666666,
    "AUT": 0.6581156,
    "CAN": 0.531682,
    "ISR": 0.8141604,
    "KEN": 0.6039968,
    "PRK": 0.9487166666666667,
    "NER": 0.6021552,
    "PAK": 0.6179,
    "ZAF": 0.6576524,
    "SDN": 0.6756724,
    "CHE": 0.663,
    "THA": 0.5347028,
    "YEM": 0.8379533333333333
  }
}
