{
  "fetchedAt": "2026-03-24T19:55:38.850Z",
  "results": {
    "MMR": 0.8075024000000001,
    "BRA": 0.5798108,
    "CAN": 0.5150833333333333,
    "KHM": 0.4782976,
    "LKA": 0.8089767999999999,
    "NLD": 0.6291766666666667,
    "SAU": 0.34251000000000004,
    "ZAF": 0.6288324000000001,
    "CHE": 0.6829699999999999,
    "THA": 0.5384528,
    "TUR": 0.7594643999999999,
    "USA": 0.5877932,
    "VEN": 0.6391368000000001,
    "VNM": 0.4739572
  }
}
