{
  "fetchedAt": "2026-03-26T07:10:55.174Z",
  "results": {
    "LKA": 0.6373433333333334,
    "CHN": 0.39047599999999993,
    "DEU": 0.6513916000000001,
    "PAK": 0.61623,
    "SAU": 0.5650839999999999,
    "SDN": 0.55327,
    "SYR": 0.7784612000000002,
    "GBR": 0.54984,
    "USA": 0.5747720000000001,
    "YEM": 1
  }
}
