{
  "fetchedAt": "2026-03-23T01:40:23.540Z",
  "results": {
    "BLR": 0,
    "COL": 0.060713333333333355,
    "FRA": 0,
    "IND": 0.008333333333333326,
    "ISR": 0.030539999999999966,
    "IRQ": 0.04178666666666668,
    "KEN": 0.2722333333333332,
    "NLD": 0,
    "SDN": 0,
    "CHE": 0,
    "UKR": 0.0662866666666666
  }
}
