{
  "fetchedAt": "2026-03-23T09:24:04.209Z",
  "results": {
    "AFG": 0.7416566666666666,
    "DZA": 0.5712607999999999,
    "AUT": 0.6259471999999999,
    "BLR": 0.5364366666666667,
    "BRA": 0.5630533333333333,
    "CAN": 0.5105233333333333,
    "KHM": 0.43268600000000007,
    "LKA": 0.8167659999999999,
    "GRC": 0.7440784,
    "IDN": 0.49061,
    "ITA": 0.5394800000000001,
    "KOR": 0.5652056,
    "MAR": 0.622642,
    "NLD": 0.6300566666666667,
    "PAK": 0.6144233333333333,
    "PRT": 0.52899,
    "PHL": 0.5315616,
    "ZAF": 0.59424,
    "SYR": 0.8106584,
    "TUR": 0.6835751999999999,
    "GBR": 0.5340966666666667,
    "YEM": 0.75844
  }
}
