{
  "fetchedAt": "2026-03-23T13:54:31.517Z",
  "results": {
    "BLR": 0.5426666666666666,
    "FRA": 0.5804266666666666,
    "GRC": 0.7269784,
    "JPN": 0.4668566666666667,
    "PRK": 0.9487700000000001,
    "PAK": 0.6137966666666667,
    "PHL": 0.5408116,
    "SOM": 0.8226895999999999,
    "ESP": 0.5957828,
    "SDN": 0.44726666666666665,
    "GBR": 0.5362233333333334,
    "YEM": 0.7629466666666667
  }
}
