{
  "fetchedAt": "2026-03-23T07:12:32.730Z",
  "results": {
    "MMR": 0.027200000000000023,
    "ISR": 0.003020000000000067,
    "KEN": 0,
    "KOR": 0.0023199999999999887,
    "MAR": 0.00812666666666666,
    "MEX": 0,
    "RUS": 0.02504000000000004,
    "ESP": 0.009033333333333315,
    "SYR": 0,
    "THA": 0.04314,
    "TUR": 0.04293333333333336,
    "USA": 0.002320000000000011,
    "YEM": 0
  }
}
