{
  "fetchedAt": "2026-03-23T09:16:04.647Z",
  "results": {
    "AUT": 0.6237072,
    "MMR": 0.79832,
    "CAN": 0.5106733333333333,
    "FRA": 0.5807599999999999,
    "GRC": 0.7437884,
    "IRQ": 0.9576192000000001,
    "PRK": 0.9380966666666666,
    "MAR": 0.622642,
    "ESP": 0.5964328,
    "UKR": 0.8456952
  }
}
