{
  "fetchedAt": "2026-03-23T13:40:05.320Z",
  "results": {
    "DZA": 0.6658807999999999,
    "BLR": 0.5472133333333333,
    "CAN": 0.5117133333333334,
    "CHN": 0.4083276,
    "COL": 0.7063752000000001,
    "ETH": 0.5594587999999999,
    "IRQ": 0.9582892,
    "KOR": 0.5698656,
    "MAR": 0.638682,
    "MEX": 0.58476,
    "PHL": 0.5399716,
    "ZAF": 0.5898366666666667,
    "ESP": 0.5967928000000001,
    "SDN": 0.43829,
    "SYR": 0.8163584
  }
}
