{
  "fetchedAt": "2026-03-23T11:49:53.139Z",
  "results": {
    "AFG": 0.7348766666666666,
    "DZA": 0.6658807999999999,
    "BLR": 0.5472133333333333,
    "CAN": 0.5106233333333333,
    "CHN": 0.4090476,
    "COL": 0.7037852,
    "EGY": 0.54005,
    "IRQ": 0.9582892,
    "KOR": 0.5672556,
    "MEX": 0.5831566666666667,
    "SAU": 0.29201,
    "SOM": 0.8210496,
    "SYR": 0.8123584,
    "THA": 0.5096324,
    "VNM": 0.47553480000000004
  }
}
