{
  "fetchedAt": "2026-03-23T14:10:44.516Z",
  "results": {
    "AUT": 0.6278471999999999,
    "BLR": 0.5389833333333334,
    "CAN": 0.51265,
    "EGY": 0.5394533333333333,
    "IND": 0.5965433333333333,
    "KEN": 0.6143616,
    "ESP": 0.5947928,
    "SYR": 0.8223284000000001,
    "THA": 0.5090424
  }
}
